date,articleId_1,articleId_2,articleId_3,articleId_4,articleId_5,articleId_6,articleId_7,articleId_8,articleId_9,articleId_10
2016-01-01,33,23,39,20,19,86,22,28,30,25
2016-01-02,65,51,47,64,76,100,65,95,67,76
2016-01-03,46,36,31,26,28,74,41,12,36,45
2016-01-04,61,23,26,52,60,72,41,43,39,40
2016-01-05,89,40,36,57,27,96,59,51,44,58
2016-01-06,52,39,51,20,30,54,40,54,19,55
2016-01-07,85,49,45,42,38,114,12,57,40,52
2016-01-08,99,36,48,48,35,96,48,39,35,40
2016-01-09,118,77,66,98,65,140,68,61,44,71
2016-01-10,104,44,77,67,72,158,62,76,60,61
2016-01-11,64,51,19,43,27,88,34,53,38,78
2016-01-12,54,44,21,45,58,36,33,76,38,64
2016-01-13,51,48,30,47,36,64,20,57,46,51
2016-01-14,68,42,38,64,46,82,67,47,51,52
2016-01-15,80,39,55,54,36,30,36,63,39,73
2016-01-16,63,40,41,34,29,60,35,41,49,29
2016-01-17,92,74,53,54,41,68,43,57,55,63
2016-01-18,75,67,73,42,57,96,37,97,53,82
2016-01-19,53,36,60,60,67,134,61,87,41,70
2016-01-20,51,44,50,23,47,52,35,62,54,37
2016-01-21,67,43,37,63,36,182,38,56,47,41
2016-01-22,85,68,64,57,25,160,75,57,85,63
2016-01-23,83,48,57,56,33,146,76,31,24,77
2016-01-24,76,97,50,51,67,148,69,77,58,91
2016-01-25,50,47,54,49,46,56,40,46,54,37
2016-01-26,76,54,42,60,56,154,45,54,48,59
2016-01-27,60,76,45,61,62,124,47,61,60,24
2016-01-28,52,43,28,53,59,106,24,39,44,60
2016-01-29,74,49,41,28,28,48,43,33,24,49
2016-01-30,54,29,36,41,49,124,39,41,49,38
2016-01-31,64,27,36,70,58,44,57,43,63,20
2016-02-01,64,62,60,53,74,49,78,71,67,52
2016-02-02,68,57,82,79,47,84,99,47,70,59
2016-02-03,41,48,59,53,21,51,68,41,77,52
2016-02-04,44,56,72,50,61,62,34,28,67,51
2016-02-05,63,56,55,74,75,66,48,64,74,34
2016-02-06,64,60,48,39,76,46,83,43,53,60
2016-02-07,40,42,18,56,28,25,33,32,30,22
2016-02-08,51,74,46,47,63,46,54,56,55,52
2016-02-09,33,44,31,34,35,36,23,28,45,50
2016-02-10,47,41,46,35,30,61,64,61,89,34
2016-02-11,69,63,54,46,73,68,46,81,57,68
2016-02-12,49,68,57,54,72,51,71,58,63,44
2016-02-13,44,51,24,54,48,45,60,60,56,54
2016-02-14,35,38,31,39,35,36,37,38,32,45
2016-02-15,22,26,37,33,48,60,24,26,52,26
2016-02-16,48,55,60,47,53,53,60,22,65,38
2016-02-17,35,52,69,29,65,66,46,84,55,46
2016-02-18,52,66,51,32,51,33,19,37,61,66
2016-02-19,42,55,53,61,47,56,45,48,35,36
2016-02-20,60,46,64,66,49,58,41,47,21,35
2016-02-21,62,85,48,81,101,70,58,88,41,87
2016-02-22,25,27,18,38,45,38,20,39,26,39
2016-02-23,81,53,66,60,80,40,57,52,57,44
2016-02-24,46,55,18,60,52,31,66,48,35,41
2016-02-25,37,51,21,29,49,34,65,52,54,39
2016-02-26,49,47,60,47,35,49,57,41,37,22
2016-02-27,62,62,56,61,64,39,39,55,38,55
2016-02-28,77,88,76,73,67,73,46,69,56,54
2016-02-29,84,74,58,54,97,63,67,92,95,70
2016-03-01,62,59,63,57,52,40,47,53,38,27
2016-03-02,57,72,58,59,77,52,80,49,46,52
2016-03-03,34,55,66,35,63,65,53,65,66,67
2016-03-04,34,30,38,8,30,32,36,25,25,17
2016-03-05,61,61,52,56,46,35,45,30,65,67
2016-03-06,47,69,57,36,42,32,47,13,17,44
2016-03-07,45,53,61,61,72,44,49,54,58,44
2016-03-08,72,61,64,53,73,59,46,94,59,83
2016-03-09,31,49,24,43,52,42,56,31,51,44
2016-03-10,43,70,62,39,70,57,42,29,51,52
2016-03-11,29,50,59,46,28,40,37,65,74,40
2016-03-12,75,41,35,78,49,61,35,73,76,36
2016-03-13,63,50,44,25,20,14,60,42,59,37
2016-03-14,25,61,45,62,47,53,45,53,38,92
2016-03-15,76,60,63,81,62,71,81,63,74,58
2016-03-16,52,79,51,43,43,45,35,59,58,49
2016-03-17,56,67,60,63,60,58,53,47,74,60
2016-03-18,103,78,87,64,68,46,50,66,76,45
2016-03-19,27,41,13,23,6,37,32,31,39,30
2016-03-20,58,35,64,41,23,53,65,41,71,51
2016-03-21,63,47,54,61,68,59,62,53,42,56
2016-03-22,18,54,41,43,16,44,48,50,46,38
2016-03-23,59,26,76,54,49,38,69,48,31,65
2016-03-24,58,93,55,86,65,26,64,90,89,38
2016-03-25,64,69,74,85,68,51,44,40,63,61
2016-03-26,66,66,58,97,53,63,79,37,20,77
2016-03-27,27,25,26,30,31,19,45,43,15,17
2016-03-28,30,44,47,37,37,63,40,22,60,36
2016-03-29,57,68,58,86,101,56,55,83,50,74
2016-03-30,12,47,38,62,38,43,43,54,51,51
2016-03-31,81,82,30,53,58,61,51,43,38,67
2016-04-01,74,107,71,102,74,113,101,107,74,79
2016-04-02,62,34,59,63,36,39,44,47,20,46
2016-04-03,91,44,50,52,45,57,56,86,63,77
2016-04-04,35,65,37,61,60,68,87,46,44,47
2016-04-05,57,50,72,40,48,56,67,38,55,55
2016-04-06,43,30,24,50,46,24,35,37,49,41
2016-04-07,26,57,65,62,18,69,54,39,74,77
2016-04-08,38,55,28,37,18,8,33,61,55,32
2016-04-09,31,36,25,31,26,30,26,16,31,25
2016-04-10,92,53,75,67,53,79,65,64,80,93
2016-04-11,80,77,36,49,52,67,49,53,42,45
2016-04-12,40,26,39,35,75,64,53,92,50,47
2016-04-13,18,59,44,56,62,40,64,22,39,43
2016-04-14,26,64,52,53,26,54,42,38,34,23
2016-04-15,32,30,22,35,16,26,27,52,41,35
2016-04-16,21,55,34,47,20,40,37,44,48,43
2016-04-17,76,67,60,45,61,85,66,85,31,79
2016-04-18,32,22,32,43,44,47,23,23,42,62
2016-04-19,41,38,48,63,48,53,32,45,60,52
2016-04-20,38,40,43,37,30,30,73,36,55,78
2016-04-21,34,77,123,114,83,75,71,80,72,74
2016-04-22,68,51,105,47,55,79,50,106,75,60
2016-04-23,33,40,31,76,43,60,51,55,42,38
2016-04-24,67,52,40,37,45,62,57,74,60,35
2016-04-25,63,66,73,125,62,52,47,102,52,55
2016-04-26,52,46,45,69,55,32,38,31,72,40
2016-04-27,66,73,121,82,47,68,56,66,76,95
2016-04-28,51,38,69,93,52,46,50,58,61,37
2016-04-29,44,50,37,33,46,62,36,51,33,67
2016-04-30,62,60,74,126,33,81,99,104,66,80
2016-05-01,63,43,49,66,37,45,52,72,34,53
2016-05-02,73,78,70,49,45,62,36,46,61,38
2016-05-03,60,58,68,103,70,88,70,78,74,68
2016-05-04,78,57,68,78,53,54,60,61,73,71
2016-05-05,74,69,58,62,93,55,73,36,115,75
2016-05-06,74,60,56,52,51,54,60,78,82,27
2016-05-07,67,54,73,58,63,71,78,64,81,39
2016-05-08,59,32,34,25,56,29,67,40,67,74
2016-05-09,40,80,34,76,70,65,121,74,97,71
2016-05-10,47,54,49,61,22,52,50,38,54,45
2016-05-11,61,74,54,57,74,45,37,11,38,34
2016-05-12,41,21,30,30,18,50,29,23,45,47
2016-05-13,22,37,36,16,30,19,27,26,41,54
2016-05-14,49,40,34,40,29,22,28,24,27,64
2016-05-15,56,40,30,32,25,48,33,34,68,34
2016-05-16,53,39,23,43,32,56,31,33,32,42
2016-05-17,89,61,68,69,52,66,58,67,37,52
2016-05-18,40,68,70,50,56,62,35,59,68,45
2016-05-19,61,72,76,78,54,103,61,62,69,91
2016-05-20,48,69,95,48,91,92,60,91,76,80
2016-05-21,55,40,44,52,63,59,55,36,70,48
2016-05-22,81,70,76,61,87,67,51,64,73,72
2016-05-23,24,40,43,58,34,46,53,41,54,41
2016-05-24,80,54,29,67,41,49,55,51,49,43
2016-05-25,31,69,61,57,43,81,61,61,84,87
2016-05-26,77,87,78,41,60,57,76,72,75,80
2016-05-27,60,42,81,58,55,54,77,50,73,73
2016-05-28,66,41,35,41,100,59,22,43,51,67
2016-05-29,27,31,41,49,42,32,24,30,56,32
2016-05-30,88,69,80,102,67,102,110,98,122,114
2016-05-31,78,69,49,82,61,54,65,73,78,99
2016-06-01,69,81,72,64,75,93,54,67,75,38
2016-06-02,81,38,34,55,40,56,41,60,78,42
2016-06-03,32,14,32,39,17,47,42,27,48,37
2016-06-04,69,83,79,71,75,47,59,82,83,64
2016-06-05,43,62,50,56,52,24,46,59,46,16
2016-06-06,36,23,26,56,25,49,37,60,91,64
2016-06-07,69,70,43,51,53,27,47,50,69,47
2016-06-08,74,73,79,59,64,52,47,74,65,62
2016-06-09,47,43,52,49,53,71,48,72,91,42
2016-06-10,90,69,44,99,47,63,44,79,51,90
2016-06-11,16,29,25,18,13,18,13,13,16,28
2016-06-12,61,69,59,123,81,74,81,52,96,82
2016-06-13,33,46,61,65,46,74,43,38,84,51
2016-06-14,51,41,58,63,44,50,38,48,88,44
2016-06-15,56,71,55,64,45,44,45,41,74,68
2016-06-16,82,51,52,28,45,79,53,29,71,46
2016-06-17,32,47,35,48,43,44,45,38,35,52
2016-06-18,67,79,57,77,80,72,83,87,85,78
2016-06-19,89,27,89,85,60,57,66,71,108,109
2016-06-20,35,43,61,33,22,53,45,25,67,37
2016-06-21,27,36,44,16,37,34,41,25,72,37
2016-06-22,71,49,26,39,46,40,43,42,59,61
2016-06-23,39,39,27,40,50,49,36,40,56,74
2016-06-24,50,45,41,42,46,30,56,31,78,30
2016-06-25,106,52,66,57,39,79,64,57,94,76
2016-06-26,43,63,49,65,75,66,37,39,59,38
2016-06-27,66,54,73,25,47,50,45,56,67,70
2016-06-28,26,42,13,38,51,45,44,25,34,21
2016-06-29,33,70,46,64,54,79,51,62,108,70
2016-06-30,46,43,47,36,22,21,19,50,63,50
2016-07-01,69,56,52,79,39,39,53,23,94,48
2016-07-02,25,54,15,26,38,34,32,53,63,15
2016-07-03,23,57,81,52,38,24,52,43,54,37
2016-07-04,17,24,42,36,28,23,28,47,43,30
2016-07-05,65,49,69,75,52,37,31,46,53,52
2016-07-06,21,34,46,44,51,24,55,52,81,58
2016-07-07,23,48,38,54,46,46,42,43,71,47
2016-07-08,28,33,25,6,36,50,14,28,35,6
2016-07-09,44,39,35,20,68,50,26,43,56,38
2016-07-10,60,58,99,85,109,79,83,78,159,90
2016-07-11,68,25,56,35,47,30,52,41,50,62
2016-07-12,47,78,31,53,87,44,57,47,76,53
2016-07-13,62,63,44,110,34,87,88,72,128,64
2016-07-14,59,44,61,17,48,31,48,32,60,65
2016-07-15,83,41,48,59,36,47,46,42,77,54
2016-07-16,85,71,59,46,62,83,57,32,70,69
2016-07-17,31,53,50,29,50,18,38,66,63,31
2016-07-18,42,25,47,63,49,68,42,32,46,39
2016-07-19,45,67,68,71,38,39,66,75,105,51
2016-07-20,59,56,26,61,87,51,42,32,52,53
2016-07-21,43,70,76,59,80,129,106,107,58,64
2016-07-22,76,51,33,39,54,45,43,58,50,64
2016-07-23,66,44,44,45,38,53,53,58,56,70
2016-07-24,30,12,38,12,39,59,37,28,46,31
2016-07-25,26,60,73,67,37,33,59,58,48,39
2016-07-26,81,77,76,89,98,99,64,80,101,59
2016-07-27,52,53,35,38,50,55,54,52,66,43
2016-07-28,56,81,86,102,101,72,116,58,70,73
2016-07-29,21,13,36,24,27,40,28,23,36,11
2016-07-30,26,44,52,71,47,54,58,61,56,83
2016-07-31,48,48,54,46,76,42,37,56,62,55
2016-08-01,26,54,42,57,67,32,35,49,74,67
2016-08-02,45,51,63,85,84,65,67,58,85,81
2016-08-03,76,68,38,54,85,77,58,57,129,89
2016-08-04,95,50,41,38,39,30,32,49,64,54
2016-08-05,32,47,40,22,30,37,27,31,66,18
2016-08-06,42,38,63,31,45,48,70,73,93,38
2016-08-07,50,84,68,35,61,62,60,48,127,65
2016-08-08,50,55,44,20,41,44,32,41,72,46
2016-08-09,73,51,45,50,63,44,37,58,63,34
2016-08-10,101,61,60,56,67,104,64,86,105,42
2016-08-11,113,65,58,74,34,69,52,45,68,68
2016-08-12,40,28,32,25,14,20,46,45,32,58
2016-08-13,38,70,74,59,65,85,68,38,137,64
2016-08-14,103,82,98,72,72,64,67,63,159,94
2016-08-15,41,59,42,36,46,38,19,68,95,70
2016-08-16,31,55,27,20,50,48,44,27,71,38
2016-08-17,113,47,75,109,118,98,88,72,154,103
2016-08-18,46,62,31,17,43,48,34,75,85,48
2016-08-19,52,25,37,44,30,53,36,34,53,52
2016-08-20,87,44,38,30,46,54,57,36,68,78
2016-08-21,46,37,50,58,40,29,82,41,85,67
2016-08-22,65,23,49,22,50,46,48,68,74,54
2016-08-23,66,43,75,68,63,49,42,68,84,68
2016-08-24,90,51,75,45,37,30,71,83,85,58
2016-08-25,94,45,55,29,41,41,45,69,33,49
2016-08-26,77,44,43,26,61,12,15,29,56,29
2016-08-27,44,61,41,64,71,72,36,54,95,44
2016-08-28,86,70,70,86,74,63,49,53,97,54
2016-08-29,81,37,23,58,47,54,56,30,42,71
2016-08-30,27,49,31,42,24,41,28,41,73,22
2016-08-31,74,65,63,75,37,35,31,37,58,35
2016-09-01,61,28,54,68,41,67,49,52,88,46
2016-09-02,48,74,49,31,45,56,63,32,75,57
2016-09-03,54,35,57,40,44,59,47,53,67,37
2016-09-04,95,62,72,69,34,29,72,36,59,61
2016-09-05,60,58,58,67,45,70,86,65,92,75
2016-09-06,87,19,22,41,51,31,41,32,44,32
2016-09-07,44,33,62,81,45,62,50,49,49,49
2016-09-08,112,75,74,62,66,105,61,60,119,75
2016-09-09,131,73,83,72,91,101,81,92,69,63
2016-09-10,91,63,91,70,68,45,76,65,92,58
2016-09-11,66,26,36,28,26,33,59,40,37,19
2016-09-12,46,36,35,54,35,41,43,42,51,51
2016-09-13,81,74,42,70,27,48,42,56,70,98
2016-09-14,63,30,39,27,46,32,49,28,39,42
2016-09-15,71,44,44,60,60,50,32,57,61,58
2016-09-16,127,57,82,71,41,49,50,69,113,53
2016-09-17,74,11,53,24,20,55,70,33,59,37
2016-09-18,85,65,32,44,47,51,40,35,48,27
2016-09-19,129,34,56,42,60,64,55,81,63,51
2016-09-20,63,24,31,41,45,29,18,36,56,58
2016-09-21,112,57,56,63,74,55,105,86,70,44
2016-09-22,109,92,63,66,85,53,73,61,130,58
2016-09-23,56,57,53,50,72,55,39,45,65,38
2016-09-24,56,23,41,57,26,55,10,10,68,25
2016-09-25,68,19,25,43,39,45,20,32,27,49
2016-09-26,44,46,24,45,51,42,52,55,63,48
2016-09-27,101,69,60,73,67,59,32,58,94,52
2016-09-28,70,61,37,46,87,73,49,47,95,76
2016-09-29,43,7,20,24,13,5,13,55,52,36
2016-09-30,90,68,67,64,45,47,51,64,53,55
2016-10-01,114,73,47,74,82,59,66,63,69,102
2016-10-02,64,67,48,53,30,55,40,54,33,36
2016-10-03,68,43,61,38,35,67,47,50,81,51
2016-10-04,78,49,62,35,45,18,33,37,55,44
2016-10-05,90,40,32,60,41,31,28,43,22,40
2016-10-06,112,46,62,72,44,77,44,49,30,52
2016-10-07,102,56,54,30,59,75,57,55,56,86
2016-10-08,88,36,55,48,57,69,54,48,75,55
2016-10-09,94,41,80,55,53,80,65,52,53,42
2016-10-10,60,38,47,61,47,36,48,24,37,54
2016-10-11,86,88,104,92,74,68,76,44,118,97
2016-10-12,60,26,32,41,49,25,36,31,23,38
2016-10-13,86,53,30,98,45,49,36,44,33,35
2016-10-14,122,61,38,52,43,74,46,47,54,67
2016-10-15,122,47,46,29,67,61,60,49,43,44
2016-10-16,128,78,39,74,57,63,88,66,68,74
2016-10-17,86,58,55,50,49,71,34,78,50,57
2016-10-18,94,88,72,65,81,69,48,52,112,48
2016-10-19,88,53,50,54,41,20,36,40,61,33
2016-10-20,84,65,48,47,68,46,58,74,58,83
2016-10-21,112,83,65,49,69,69,67,57,83,80
2016-10-22,110,44,54,49,57,57,53,57,51,32
2016-10-23,114,45,69,47,74,47,39,66,36,23
2016-10-24,112,47,36,54,49,74,61,40,73,63
2016-10-25,86,23,38,65,44,30,63,54,50,40
2016-10-26,164,54,68,52,33,64,65,62,73,58
2016-10-27,72,20,39,51,38,29,33,45,43,24
2016-10-28,98,63,73,59,65,43,64,31,68,45
2016-10-29,94,23,48,68,67,43,57,62,49,57
2016-10-30,94,34,73,43,66,58,88,44,66,53
2016-10-31,114,43,65,30,67,63,32,73,73,27
2016-11-01,70,33,48,19,36,103,39,33,34,60
2016-11-02,82,46,43,32,58,110,41,66,62,42
2016-11-03,88,68,50,70,45,119,50,68,72,84
2016-11-04,85,66,69,42,63,84,44,38,47,56
2016-11-05,103,31,61,68,67,146,43,55,68,67
2016-11-06,67,18,50,35,48,102,34,51,55,60
2016-11-07,44,59,37,55,31,65,45,73,32,67
2016-11-08,92,82,53,74,94,110,36,66,60,73
2016-11-09,106,38,67,77,55,123,63,46,61,88
2016-11-10,67,65,63,44,56,76,36,43,35,68
2016-11-11,81,49,67,45,56,37,40,53,44,62
2016-11-12,39,34,49,48,52,97,58,80,39,92
2016-11-13,137,113,77,76,60,105,72,74,55,81
2016-11-14,59,39,66,24,43,62,39,21,28,65
2016-11-15,58,41,78,54,41,108,20,53,50,25
2016-11-16,55,42,15,34,50,79,37,18,55,25
2016-11-17,87,35,62,51,51,153,59,59,68,54
2016-11-18,82,43,43,47,49,105,54,71,50,33
2016-11-19,59,25,34,32,38,129,52,23,59,44
2016-11-20,78,46,109,62,65,95,40,97,48,75
2016-11-21,96,26,66,61,46,103,67,49,48,45
2016-11-22,74,56,57,55,65,61,52,65,40,49
2016-11-23,44,32,44,54,56,82,41,44,30,36
2016-11-24,69,52,49,44,45,60,34,51,37,37
2016-11-25,95,31,37,38,49,93,40,30,54,55
2016-11-26,72,30,46,43,38,96,40,28,42,48
2016-11-27,110,65,61,72,51,127,78,66,52,29
2016-11-28,83,47,51,53,30,130,51,72,43,22
2016-11-29,96,75,100,75,68,165,74,59,53,64
2016-11-30,39,39,50,38,51,43,37,38,46,33
2016-12-01,74,44,52,38,61,136,71,62,66,70
2016-12-02,63,31,63,62,63,216,47,23,47,53
2016-12-03,127,82,93,68,59,228,59,101,63,106
2016-12-04,100,77,78,50,42,192,48,74,32,41
2016-12-05,92,58,48,30,76,136,80,61,35,75
2016-12-06,190,86,93,89,85,412,130,130,106,95
2016-12-07,109,51,51,28,63,176,45,86,50,62
2016-12-08,74,49,66,36,65,168,60,62,46,78
2016-12-09,120,33,49,45,70,64,58,29,28,50
2016-12-10,145,52,88,99,59,264,65,81,60,86
2016-12-11,65,41,55,56,62,200,33,41,46,58
2016-12-12,68,42,49,44,31,104,55,48,42,23
2016-12-13,119,88,107,62,90,248,100,110,81,50
2016-12-14,96,47,105,52,58,252,51,49,51,43
2016-12-15,121,57,84,73,104,240,131,72,96,92
2016-12-16,68,31,67,46,74,212,60,40,24,55
2016-12-17,103,69,96,75,87,196,44,71,19,105
2016-12-18,113,62,104,99,97,272,61,61,66,125
2016-12-19,122,67,66,46,59,268,54,57,41,53
2016-12-20,106,67,46,57,88,172,72,52,44,42
2016-12-21,74,28,47,34,46,180,34,40,56,21
2016-12-22,79,59,43,44,63,220,47,43,56,37
2016-12-23,103,60,67,68,48,204,88,67,62,76
2016-12-24,152,78,87,60,84,204,76,67,63,57
2016-12-25,121,34,62,58,83,200,50,17,49,65
2016-12-26,104,48,104,51,97,364,56,72,58,104
2016-12-27,93,57,46,59,71,284,66,60,66,84
2016-12-28,124,54,83,58,65,236,38,89,49,69
2016-12-29,150,48,47,47,58,132,67,71,63,25
2016-12-30,93,48,43,61,38,188,43,53,36,31
2016-12-31,77,81,55,61,61,220,44,84,58,72
2017-01-01,45,54,31,38,,40,47,23,49,34
2017-01-02,87,70,52,57,82,150,56,79,84,111
2017-01-03,89,64,62,84,68,138,88,68,63,88
2017-01-04,40,70,46,50,60,134,36,40,55,34
2017-01-05,23,18,19,27,48,64,31,35,27,18
2017-01-06,40,56,66,79,40,104,66,5,51,36
2017-01-07,37,23,23,11,42,44,33,20,20,21
2017-01-08,121,56,68,114,92,164,96,112,72,79
2017-01-09,68,47,43,58,41,82,48,33,33,49
2017-01-10,90,25,27,41,46,70,58,40,36,42
2017-01-11,84,25,54,22,59,118,55,67,79,74
2017-01-12,75,61,32,38,39,104,62,28,39,72
2017-01-13,66,74,52,48,43,82,59,69,62,59
2017-01-14,43,38,60,64,28,98,24,56,57,31
2017-01-15,118,62,47,72,47,86,62,64,65,70
2017-01-16,108,93,81,47,74,170,89,69,104,82
2017-01-17,62,49,49,83,66,114,65,35,59,68
2017-01-18,99,50,40,75,40,68,34,66,41,73
2017-01-19,97,65,63,44,66,146,64,52,38,42
2017-01-20,83,71,51,61,37,34,40,40,37,48
2017-01-21,44,30,21,28,40,42,63,26,29,36
2017-01-22,76,61,41,51,38,48,25,45,39,34
2017-01-23,62,43,45,38,65,60,42,43,28,36
2017-01-24,118,81,84,83,75,174,85,73,50,98
2017-01-25,104,75,58,40,71,80,46,61,38,60
2017-01-26,97,61,100,66,81,110,50,74,45,95
2017-01-27,101,45,48,49,58,140,63,57,44,63
2017-01-28,94,54,36,81,40,98,18,51,61,36
2017-01-29,116,53,45,63,40,96,63,78,68,53
2017-01-30,68,38,67,51,31,88,61,32,58,41
2017-01-31,85,66,62,67,73,102,78,29,62,92
2017-02-01,71,33,65,48,74,65,61,61,73,54
2017-02-02,82,56,55,38,40,81,59,19,56,49
2017-02-03,70,54,47,64,52,59,65,83,23,59
2017-02-04,32,57,39,32,35,19,53,27,39,22
2017-02-05,96,63,56,49,50,58,48,54,44,30
2017-02-06,68,63,45,74,61,83,45,37,60,37
2017-02-07,29,35,37,18,49,56,33,55,40,48
2017-02-08,34,69,58,37,57,39,46,41,36,31
2017-02-09,28,24,34,35,37,28,25,21,20,24
2017-02-10,62,36,55,58,49,27,53,48,60,61
2017-02-11,61,75,61,45,73,61,71,35,56,66
2017-02-12,72,78,76,92,78,89,82,66,64,71
2017-02-13,75,63,40,67,51,60,61,57,68,78
2017-02-14,44,40,63,34,46,65,45,46,42,30
2017-02-15,84,69,53,49,62,29,90,62,61,45
2017-02-16,54,28,47,75,67,74,46,59,64,65
2017-02-17,49,22,64,15,45,22,57,33,32,69
2017-02-18,111,61,57,37,65,78,68,71,41,70
2017-02-19,61,46,67,50,34,47,63,53,50,85
2017-02-20,54,49,58,69,64,38,44,59,49,71
2017-02-21,35,13,49,31,39,18,34,34,36,73
2017-02-22,70,61,57,57,60,80,50,64,56,54
2017-02-23,50,44,60,49,77,54,59,54,39,49
2017-02-24,73,58,69,60,78,54,69,64,74,57
2017-02-25,99,87,41,69,76,71,47,86,77,77
2017-02-26,51,27,50,40,25,42,46,38,38,59
2017-02-27,50,28,43,57,25,34,56,28,57,40
2017-02-28,60,74,80,47,68,67,84,106,62,34
2017-03-01,25,29,35,46,71,76,26,65,39,54
2017-03-02,53,37,46,33,50,45,38,52,43,44
2017-03-03,37,57,50,45,47,94,55,58,78,61
2017-03-04,77,45,52,76,52,49,30,70,87,70
2017-03-05,38,46,67,53,30,33,46,60,23,35
2017-03-06,72,45,50,44,72,40,64,55,65,96
2017-03-07,38,62,47,27,58,81,54,45,39,52
2017-03-08,52,40,50,50,37,49,64,42,63,22
2017-03-09,27,56,53,32,31,52,54,41,54,46
2017-03-10,30,68,42,61,49,72,59,52,52,51
2017-03-11,37,53,58,67,30,54,49,72,38,44
2017-03-12,70,81,41,51,63,43,42,65,70,55
2017-03-13,54,60,35,41,34,62,76,64,56,18
2017-03-14,18,34,27,45,46,44,19,52,22,17
2017-03-15,69,54,58,48,46,67,60,70,31,63
2017-03-16,47,37,66,42,49,57,48,46,60,34
2017-03-17,83,42,108,97,43,25,56,52,26,84
2017-03-18,16,18,47,20,29,27,23,35,14,28
2017-03-19,67,56,40,68,95,84,58,66,64,50
2017-03-20,53,55,46,29,81,51,25,79,63,67
2017-03-21,67,48,60,30,12,36,25,33,46,39
2017-03-22,47,38,45,53,12,53,37,38,70,41
2017-03-23,7,35,46,28,44,52,63,22,33,45
2017-03-24,47,35,21,47,56,55,72,75,60,66
2017-03-25,64,42,44,20,45,42,62,47,53,46
2017-03-26,67,58,67,39,58,55,52,62,52,91
2017-03-27,47,52,42,92,56,88,52,41,94,79
2017-03-28,53,65,47,53,71,42,49,50,67,84
2017-03-29,30,47,36,44,48,50,36,39,33,52
2017-03-30,30,29,24,21,37,30,21,24,31,29
2017-03-31,46,42,51,51,49,60,44,47,71,33
2017-04-01,34,49,36,78,18,6,40,45,63,34
2017-04-02,83,62,58,86,63,80,62,96,43,62
2017-04-03,70,87,68,100,45,84,59,87,70,72
2017-04-04,25,52,54,62,32,37,31,20,42,31
2017-04-05,40,52,45,24,26,23,24,43,37,35
2017-04-06,81,67,90,79,57,44,50,67,67,68
2017-04-07,56,45,79,66,38,77,40,46,52,64
2017-04-08,34,54,54,41,47,32,46,76,36,31
2017-04-09,55,60,97,69,85,67,95,88,37,52
2017-04-10,49,61,41,42,35,49,31,29,60,19
2017-04-11,64,76,65,59,62,54,90,60,42,82
2017-04-12,63,63,69,36,57,51,55,70,57,61
2017-04-13,43,39,99,62,84,46,47,54,70,47
2017-04-14,46,58,25,47,55,73,33,63,68,23
2017-04-15,28,35,54,50,42,42,57,72,31,49
2017-04-16,56,60,70,19,63,64,53,37,46,24
2017-04-17,51,64,59,28,57,55,75,69,48,61
2017-04-18,46,61,102,72,81,65,58,92,72,61
2017-04-19,24,56,30,40,8,31,38,26,29,61
2017-04-20,28,26,6,27,19,20,32,74,29,37
2017-04-21,63,61,70,82,64,30,63,56,81,71
2017-04-22,81,88,91,85,83,72,66,104,78,51
2017-04-23,18,31,43,24,40,46,37,79,42,45
2017-04-24,34,45,49,26,29,28,22,38,26,42
2017-04-25,73,64,88,60,66,75,82,61,78,73
2017-04-26,59,80,44,49,11,55,59,60,82,32
2017-04-27,46,41,82,41,45,64,55,93,60,34
2017-04-28,51,53,67,60,71,42,45,53,57,58
2017-04-29,48,68,77,79,89,56,19,53,53,71
2017-04-30,32,57,81,59,50,63,45,80,66,48
2017-05-01,59,101,47,42,54,79,56,52,32,57
2017-05-02,49,22,37,55,60,46,52,46,79,56
2017-05-03,40,52,55,55,27,62,52,36,53,59
2017-05-04,71,70,71,34,55,68,91,72,78,69
2017-05-05,74,25,57,39,59,45,72,63,54,57
2017-05-06,41,69,74,72,60,76,74,47,54,62
2017-05-07,25,33,25,29,16,16,39,43,28,26
2017-05-08,53,75,42,44,33,35,44,47,73,53
2017-05-09,61,48,10,39,30,44,36,38,48,45
2017-05-10,39,39,55,42,53,68,55,27,34,27
2017-05-11,100,84,70,70,75,104,48,88,98,72
2017-05-12,21,33,16,52,29,34,40,14,45,49
2017-05-13,76,38,50,52,74,58,67,53,48,72
2017-05-14,59,74,54,54,64,82,60,33,70,60
2017-05-15,74,44,53,68,63,68,36,53,53,42
2017-05-16,62,38,40,45,41,55,47,32,67,36
2017-05-17,15,44,41,32,,53,55,18,48,39
2017-05-18,55,27,27,33,31,49,59,50,43,25
2017-05-19,24,25,27,19,41,34,31,42,26,23
2017-05-20,29,35,38,39,22,32,39,31,19,45
2017-05-21,38,56,46,57,19,77,65,36,52,41
2017-05-22,43,49,30,65,57,43,30,44,65,44
2017-05-23,57,75,51,74,54,110,44,84,67,53
2017-05-24,56,52,82,75,77,68,67,114,106,78
2017-05-25,58,60,98,63,76,79,42,63,77,66
2017-05-26,24,50,60,39,37,36,41,43,14,34
2017-05-27,47,42,65,33,28,28,30,54,62,25
2017-05-28,35,44,56,58,50,43,33,55,98,36
2017-05-29,56,53,57,69,65,66,49,50,70,50
2017-05-30,28,76,60,61,52,81,41,53,96,64
2017-05-31,62,76,72,83,76,113,65,91,99,100
2017-06-01,48,33,50,17,59,51,33,44,46,33
2017-06-02,37,65,32,52,66,56,51,45,84,76
2017-06-03,55,35,38,46,39,32,31,30,68,62
2017-06-04,40,15,53,19,30,30,50,40,46,44
2017-06-05,42,46,56,37,68,35,26,50,61,59
2017-06-06,34,23,42,50,56,51,18,46,40,81
2017-06-07,65,76,69,68,91,68,92,77,62,34
2017-06-08,41,63,53,32,62,33,51,85,52,33
2017-06-09,51,58,88,67,64,83,69,35,49,57
2017-06-10,36,52,47,45,15,52,46,47,55,7
2017-06-11,60,65,79,79,109,80,99,65,117,85
2017-06-12,67,53,77,57,36,57,35,50,54,46
2017-06-13,61,35,45,36,37,28,39,45,16,19
2017-06-14,6,43,33,33,39,40,19,33,32,10
2017-06-15,47,45,34,22,18,45,48,24,30,42
2017-06-16,74,69,67,79,58,91,56,62,129,60
2017-06-17,42,60,34,62,30,58,51,56,39,64
2017-06-18,57,69,76,58,77,77,51,75,90,65
2017-06-19,74,91,78,62,81,44,56,58,92,72
2017-06-20,26,62,33,47,55,36,56,30,53,50
2017-06-21,86,71,51,69,65,87,61,70,87,50
2017-06-22,51,52,30,74,65,34,87,59,88,27
2017-06-23,73,80,75,87,59,84,65,76,90,56
2017-06-24,64,16,51,47,67,40,51,71,87,52
2017-06-25,46,60,92,47,59,41,59,71,86,65
2017-06-26,23,50,28,38,30,25,54,31,61,25
2017-06-27,51,82,57,56,65,77,63,65,104,91
2017-06-28,59,76,67,65,58,94,102,64,101,63
2017-06-29,56,32,71,48,47,63,67,22,47,45
2017-06-30,47,56,41,48,47,35,32,19,63,21
2017-07-01,49,57,61,57,44,40,48,68,57,53
2017-07-02,46,27,42,28,26,39,47,45,73,50
2017-07-03,14,24,43,26,29,25,48,19,65,40
2017-07-04,64,43,67,53,50,58,59,24,99,61
2017-07-05,91,72,64,38,85,94,66,77,101,83
2017-07-06,54,55,77,87,71,51,56,71,87,69
2017-07-07,36,51,60,46,57,52,24,68,59,29
2017-07-08,62,87,48,57,84,88,58,63,117,63
2017-07-09,89,52,93,84,40,78,73,86,64,88
2017-07-10,43,64,47,61,47,40,26,43,33,44
2017-07-11,64,68,69,55,54,94,57,66,53,69
2017-07-12,32,63,44,24,57,25,50,42,51,35
2017-07-13,40,56,49,41,33,32,47,43,93,31
2017-07-14,65,66,34,36,54,40,59,71,65,34
2017-07-15,94,75,78,61,62,53,78,70,104,67
2017-07-16,31,39,28,61,62,60,58,27,57,52
2017-07-17,43,27,46,34,58,32,30,62,78,56
2017-07-18,33,70,30,51,37,53,51,48,52,45
2017-07-19,37,21,18,48,43,40,62,40,64,65
2017-07-20,46,69,19,32,30,10,52,37,65,13
2017-07-21,65,62,38,57,71,49,68,25,77,49
2017-07-22,28,47,32,32,32,26,19,38,72,26
2017-07-23,59,53,46,63,41,58,37,35,53,45
2017-07-24,78,63,100,64,87,64,94,60,110,102
2017-07-25,85,50,54,43,61,26,59,63,114,50
2017-07-26,48,27,59,69,56,52,25,33,52,57
2017-07-27,34,51,22,21,41,41,20,48,89,41
2017-07-28,32,39,70,51,54,43,31,21,79,46
2017-07-29,80,74,53,87,70,68,100,80,64,79
2017-07-30,65,39,48,49,43,49,24,39,64,32
2017-07-31,42,85,63,66,29,35,62,30,80,64
2017-08-01,52,13,48,23,36,44,29,34,38,18
2017-08-02,44,37,40,55,47,42,28,42,54,36
2017-08-03,112,60,66,85,32,46,49,44,67,62
2017-08-04,110,62,46,71,55,48,32,53,109,42
2017-08-05,86,61,56,60,57,56,66,65,46,76
2017-08-06,47,47,38,57,35,36,62,37,70,52
2017-08-07,65,54,30,27,48,72,47,48,101,47
2017-08-08,51,76,33,58,43,66,23,62,69,59
2017-08-09,72,26,32,48,58,37,68,19,60,47
2017-08-10,72,62,45,50,38,44,56,58,74,81
2017-08-11,113,33,45,47,82,32,69,23,96,57
2017-08-12,59,54,64,44,62,45,90,31,63,44
2017-08-13,116,27,55,38,87,45,38,46,65,42
2017-08-14,88,58,43,57,42,32,35,40,74,57
2017-08-15,27,28,22,20,7,5,7,30,17,7
2017-08-16,52,38,25,52,65,28,54,48,60,56
2017-08-17,67,35,71,62,64,44,83,80,64,48
2017-08-18,50,45,60,64,37,38,37,41,57,43
2017-08-19,68,41,64,68,55,67,39,50,103,35
2017-08-20,74,69,78,51,67,66,72,29,104,57
2017-08-21,56,28,38,50,60,35,59,52,71,46
2017-08-22,116,60,74,50,89,62,77,63,146,73
2017-08-23,77,33,25,42,46,19,37,44,101,47
2017-08-24,76,77,58,54,74,74,35,47,92,62
2017-08-25,67,45,76,36,97,40,60,56,81,35
2017-08-26,56,57,33,49,44,51,48,43,64,31
2017-08-27,51,41,58,37,33,40,45,60,24,21
2017-08-28,86,27,55,67,49,52,67,63,70,46
2017-08-29,86,61,117,96,42,95,91,69,127,101
2017-08-30,41,43,46,44,54,77,46,44,56,40
2017-08-31,24,19,20,21,33,30,33,26,13,13
2017-09-01,98,55,59,73,46,51,66,44,74,32
2017-09-02,93,34,46,56,35,32,44,51,62,31
2017-09-03,76,62,46,50,49,71,74,62,79,65
2017-09-04,55,31,54,34,45,49,61,52,41,48
2017-09-05,69,34,70,52,58,76,40,66,66,72
2017-09-06,88,37,52,48,46,64,59,54,131,66
2017-09-07,113,49,53,63,58,36,95,38,93,66
2017-09-08,75,86,75,69,88,91,86,83,64,61
2017-09-09,68,51,46,37,25,40,27,38,27,21
2017-09-10,97,58,68,73,72,71,59,77,110,59
2017-09-11,124,92,58,75,70,54,61,66,86,78
2017-09-12,145,76,72,78,119,86,89,88,125,101
2017-09-13,78,42,30,29,31,57,40,38,61,47
2017-09-14,64,83,61,53,78,48,49,89,136,82
2017-09-15,112,48,53,58,61,59,62,37,99,65
2017-09-16,84,46,34,38,54,57,46,62,97,47
2017-09-17,85,7,44,17,57,62,42,44,37,53
2017-09-18,102,59,45,74,40,52,59,67,80,45
2017-09-19,86,55,61,39,59,53,45,37,64,68
2017-09-20,102,80,57,46,48,40,74,61,92,59
2017-09-21,116,71,72,71,54,79,70,73,80,80
2017-09-22,80,47,44,63,44,60,59,48,62,50
2017-09-23,50,46,39,48,26,41,43,46,33,48
2017-09-24,38,39,13,35,26,10,12,13,44,33
2017-09-25,80,36,43,44,38,33,48,56,87,45
2017-09-26,125,54,54,111,43,57,49,65,122,53
2017-09-27,58,34,72,78,54,68,50,38,68,65
2017-09-28,48,51,31,25,41,30,35,42,93,44
2017-09-29,92,59,58,73,58,40,81,63,99,63
2017-09-30,68,60,66,38,51,47,48,72,102,43
2017-10-01,112,48,63,30,35,49,49,57,46,45
2017-10-02,134,78,75,82,108,78,72,85,117,98
2017-10-03,74,27,32,34,39,42,21,52,58,45
2017-10-04,182,88,72,50,49,49,63,65,74,76
2017-10-05,146,62,76,59,57,70,75,71,47,85
2017-10-06,98,66,42,45,63,48,47,49,41,54
2017-10-07,94,47,40,67,40,54,43,39,49,58
2017-10-08,96,39,17,40,25,32,32,34,46,40
2017-10-09,68,31,45,48,68,39,63,37,51,37
2017-10-10,86,48,26,31,43,51,56,41,68,55
2017-10-11,154,59,59,83,48,74,97,56,64,97
2017-10-12,108,66,64,24,78,60,51,42,43,77
2017-10-13,106,45,46,39,65,62,47,30,48,47
2017-10-14,96,23,65,83,45,33,50,39,66,55
2017-10-15,132,30,55,60,52,41,66,38,54,61
2017-10-16,88,45,48,26,46,36,59,36,39,37
2017-10-17,70,32,29,48,39,38,62,41,35,43
2017-10-18,150,71,59,86,75,79,75,112,52,74
2017-10-19,76,75,41,45,76,46,61,51,68,71
2017-10-20,116,35,51,36,16,53,12,31,52,34
2017-10-21,76,52,52,79,44,77,84,56,50,54
2017-10-22,90,60,73,68,59,87,64,74,49,70
2017-10-23,100,20,55,53,63,60,32,61,92,65
2017-10-24,100,57,20,52,51,36,34,68,69,62
2017-10-25,130,51,54,45,16,67,32,52,38,32
2017-10-26,138,63,52,55,69,57,67,64,62,52
2017-10-27,120,55,40,71,70,39,49,30,95,52
2017-10-28,52,67,55,15,43,42,33,29,53,74
2017-10-29,168,64,39,30,58,75,63,70,87,73
2017-10-30,168,67,57,44,81,50,53,101,99,35
2017-10-31,108,48,40,48,61,74,50,50,73,38
2017-11-01,111,58,59,60,52,108,48,50,65,64
2017-11-02,71,50,49,78,90,97,39,60,59,75
2017-11-03,78,38,44,28,28,161,63,71,51,51
2017-11-04,16,28,26,23,19,17,25,32,37,13
2017-11-05,75,34,56,27,34,54,23,33,64,42
2017-11-06,119,57,63,62,69,118,67,62,81,62
2017-11-07,108,59,40,99,44,138,62,80,88,70
2017-11-08,81,58,58,34,61,187,80,57,38,68
2017-11-09,107,55,65,53,59,159,55,65,53,59
2017-11-10,117,50,65,61,73,56,82,34,36,85
2017-11-11,87,70,59,75,63,151,45,57,65,97
2017-11-12,66,33,34,40,35,97,64,47,40,23
2017-11-13,131,43,72,80,52,117,59,51,67,83
2017-11-14,17,16,45,58,52,110,55,37,46,94
2017-11-15,120,79,85,81,72,212,64,72,68,133
2017-11-16,48,25,43,32,38,114,66,39,36,35
2017-11-17,61,29,58,67,42,60,57,24,46,38
2017-11-18,37,65,25,62,33,127,37,15,18,38
2017-11-19,55,43,58,87,53,170,36,52,68,87
2017-11-20,124,66,50,41,39,106,81,50,64,52
2017-11-21,90,50,51,50,28,142,43,52,49,64
2017-11-22,90,32,62,46,51,82,70,42,53,44
2017-11-23,121,50,100,92,98,175,79,59,76,82
2017-11-24,85,37,54,73,52,105,40,49,60,60
2017-11-25,38,48,41,37,54,91,53,42,46,43
2017-11-26,82,52,51,37,54,84,20,59,47,60
2017-11-27,28,33,66,54,54,61,50,34,28,42
2017-11-28,98,67,90,70,34,105,37,71,57,82
2017-11-29,31,43,61,55,41,117,44,45,58,56
2017-11-30,80,29,41,74,57,39,52,31,56,83
2017-12-01,151,53,75,84,101,348,97,91,106,70
2017-12-02,44,25,78,63,41,244,63,57,49,64
2017-12-03,120,46,61,82,70,232,73,84,81,71
2017-12-04,68,40,55,76,76,240,68,78,51,66
2017-12-05,72,49,50,39,68,184,73,53,60,58
2017-12-06,98,61,61,27,61,236,67,48,57,50
2017-12-07,108,47,60,44,63,144,52,72,54,33
2017-12-08,46,25,24,61,13,100,47,41,54,27
2017-12-09,115,60,57,63,111,360,75,102,62,99
2017-12-10,93,19,62,39,60,124,82,50,49,24
2017-12-11,152,92,98,63,60,228,118,71,69,84
2017-12-12,105,52,55,64,75,188,88,71,32,55
2017-12-13,75,36,67,23,49,244,60,37,35,54
2017-12-14,149,70,74,63,63,284,67,69,30,77
2017-12-15,121,46,36,38,60,260,82,40,46,26
2017-12-16,87,53,53,45,29,76,45,54,69,58
2017-12-17,115,59,89,59,44,296,49,39,77,72
2017-12-18,115,83,60,70,53,288,80,71,40,57
2017-12-19,83,50,50,38,69,184,60,49,70,81
2017-12-20,114,50,105,48,60,192,111,88,51,57
2017-12-21,110,62,65,68,68,252,49,74,59,95
2017-12-22,78,27,38,24,49,176,56,32,20,75
2017-12-23,76,47,41,43,25,156,51,53,53,61
2017-12-24,87,23,48,26,45,216,44,64,27,50
2017-12-25,60,50,47,52,69,148,67,83,75,32
2017-12-26,92,38,64,51,66,184,65,47,80,64
2017-12-27,96,51,40,22,51,164,40,109,36,78
2017-12-28,44,25,25,40,44,56,51,32,48,62
2017-12-29,76,32,60,30,59,128,22,33,25,51
2017-12-30,103,95,61,60,68,260,74,103,56,77
2017-12-31,69,13,32,17,43,104,48,52,38,42
2018-01-01,55,47,27,67,57,94,52,73,60,41
2018-01-02,81,87,63,44,59,114,53,53,41,51
2018-01-03,50,45,49,33,71,86,30,21,36,22
2018-01-04,58,40,27,68,70,110,46,44,51,28
2018-01-05,119,75,88,62,68,106,47,69,120,96
2018-01-06,84,59,42,42,67,100,61,84,47,64
2018-01-07,69,51,45,27,26,106,43,69,60,39
2018-01-08,73,36,43,59,50,126,67,56,80,79
2018-01-09,102,49,77,43,36,164,42,55,60,53
2018-01-10,77,47,54,68,76,136,46,37,62,47
2018-01-11,43,48,44,32,28,92,46,39,54,43
2018-01-12,72,57,68,44,47,98,53,72,50,21
2018-01-13,86,43,59,45,89,106,59,39,72,41
2018-01-14,50,27,51,29,19,58,72,46,54,75
2018-01-15,105,50,30,40,39,122,56,66,35,43
2018-01-16,119,84,35,68,89,152,58,91,79,70
2018-01-17,47,59,34,25,29,46,49,40,27,19
2018-01-18,70,29,38,56,63,90,26,44,48,46
2018-01-19,44,35,35,41,37,76,58,39,10,30
2018-01-20,84,43,40,24,41,74,54,48,75,58
2018-01-21,109,68,43,37,66,136,25,51,52,37
2018-01-22,73,46,54,40,47,90,31,44,56,40
2018-01-23,52,24,45,79,59,52,42,66,31,30
2018-01-24,25,49,43,40,32,44,45,40,31,32
2018-01-25,92,60,67,43,58,108,48,41,48,35
2018-01-26,69,56,59,45,58,76,49,70,48,41
2018-01-27,44,58,23,57,24,116,48,55,70,46
2018-01-28,50,48,83,24,34,100,44,62,43,34
2018-01-29,95,51,46,54,52,110,60,60,51,50
2018-01-30,102,58,69,79,56,102,51,47,47,47
2018-01-31,104,65,79,53,40,138,71,67,72,97
2018-02-01,57,55,38,50,72,62,22,42,49,58
2018-02-02,73,25,38,40,34,51,49,43,17,35
2018-02-03,43,63,41,32,42,34,33,44,49,24
2018-02-04,46,25,46,33,55,31,19,25,23,45
2018-02-05,38,52,37,42,74,73,38,74,50,28
2018-02-06,31,12,39,33,40,45,22,19,34,18
2018-02-07,30,25,39,27,24,23,11,31,40,41
2018-02-08,76,47,40,50,45,18,37,43,47,36
2018-02-09,54,69,58,60,76,59,61,41,76,66
2018-02-10,43,43,46,33,77,81,33,35,71,40
2018-02-11,70,80,43,63,37,51,81,77,52,47
2018-02-12,102,44,73,25,38,41,87,55,51,52
2018-02-13,66,42,60,26,37,44,65,60,67,21
2018-02-14,100,93,70,80,58,87,79,63,57,73
2018-02-15,41,28,25,25,42,27,35,16,39,24
2018-02-16,96,54,66,48,34,63,64,60,39,38
2018-02-17,33,44,44,16,43,30,41,48,40,18
2018-02-18,59,28,31,36,58,26,44,47,49,14
2018-02-19,74,65,40,50,56,84,53,53,30,47
2018-02-20,57,45,35,76,37,41,60,75,36,57
2018-02-21,64,50,38,61,74,57,87,35,80,75
2018-02-22,100,73,48,82,65,55,45,31,49,56
2018-02-23,27,26,33,28,25,37,34,30,43,54
2018-02-24,73,61,19,35,37,26,27,35,34,28
2018-02-25,32,53,42,61,53,53,64,59,23,20
2018-02-26,53,55,47,13,74,74,60,77,64,55
2018-02-27,39,69,39,38,56,68,80,28,24,59
2018-02-28,38,70,31,34,49,40,54,31,59,26
2018-03-01,42,26,37,10,56,50,43,20,36,31
2018-03-02,39,55,61,35,54,34,36,41,58,41
2018-03-03,34,30,39,36,27,54,24,21,36,37
2018-03-04,46,58,64,64,77,75,67,40,58,36
2018-03-05,50,64,56,44,33,35,49,31,41,52
2018-03-06,10,41,46,35,36,25,54,42,42,52
2018-03-07,31,50,37,21,59,54,5,23,53,29
2018-03-08,44,43,26,47,54,49,25,42,59,51
2018-03-09,31,62,25,50,49,53,55,40,38,30
2018-03-10,36,48,45,55,56,29,49,32,74,42
2018-03-11,57,68,40,101,72,66,73,69,62,65
2018-03-12,88,84,79,86,76,49,82,68,77,60
2018-03-13,33,20,29,54,41,57,35,25,49,38
2018-03-14,54,54,48,63,73,47,71,27,30,24
2018-03-15,66,69,58,51,79,65,53,46,47,57
2018-03-16,28,29,21,43,51,49,27,22,30,16
2018-03-17,65,59,44,57,48,45,67,85,66,54
2018-03-18,39,33,68,64,57,60,43,37,58,59
2018-03-19,72,49,48,71,47,52,57,55,50,75
2018-03-20,19,26,48,14,38,30,40,38,23,24
2018-03-21,59,32,50,41,42,22,38,45,37,32
2018-03-22,42,17,32,59,40,31,49,43,45,51
2018-03-23,61,89,55,54,76,52,98,59,89,33
2018-03-24,28,47,47,6,55,46,34,55,46,30
2018-03-25,50,32,65,54,43,43,72,71,42,61
2018-03-26,28,27,40,47,47,39,29,41,34,53
2018-03-27,23,18,46,26,72,52,46,56,48,23
2018-03-28,88,62,84,56,90,59,60,86,31,63
2018-03-29,41,46,66,33,41,38,62,73,84,54
2018-03-30,46,34,34,28,54,40,30,43,39,42
2018-03-31,86,36,56,39,45,42,49,43,59,61
2018-04-01,38,28,55,39,46,38,21,42,40,38
2018-04-02,19,32,23,20,31,16,22,38,58,27
2018-04-03,68,77,116,87,84,96,38,92,112,87
2018-04-04,25,45,89,58,56,49,66,66,81,61
2018-04-05,57,41,62,56,67,25,75,58,71,80
2018-04-06,77,45,46,54,47,48,64,62,48,53
2018-04-07,34,8,65,56,11,29,38,58,42,17
2018-04-08,59,49,89,61,55,52,40,66,42,43
2018-04-09,44,63,68,60,41,68,53,48,60,34
2018-04-10,19,40,53,20,44,38,32,54,51,39
2018-04-11,45,27,35,22,20,20,12,27,64,17
2018-04-12,32,10,34,40,40,26,44,30,35,24
2018-04-13,53,73,22,51,55,54,52,60,32,44
2018-04-14,30,36,28,23,25,34,34,43,43,45
2018-04-15,23,29,50,51,49,43,49,56,43,35
2018-04-16,75,56,75,60,46,58,43,81,69,86
2018-04-17,53,63,93,81,79,71,49,88,57,106
2018-04-18,55,18,34,36,57,36,48,35,65,53
2018-04-19,69,27,63,28,39,37,25,78,38,42
2018-04-20,47,63,37,49,64,61,47,71,44,32
2018-04-21,61,56,52,59,52,62,38,61,54,66
2018-04-22,57,65,45,32,71,53,35,60,49,37
2018-04-23,42,19,38,54,51,35,42,39,52,29
2018-04-24,51,26,47,54,56,39,52,65,42,37
2018-04-25,51,55,64,54,37,82,65,59,60,54
2018-04-26,67,79,61,89,44,51,56,44,75,66
2018-04-27,45,46,42,24,79,47,34,33,28,51
2018-04-28,57,39,110,79,80,62,26,42,52,51
2018-04-29,69,34,88,59,64,70,52,58,52,56
2018-04-30,44,48,62,47,63,73,58,71,20,42
2018-05-01,37,50,39,31,39,73,50,70,66,32
2018-05-02,70,58,35,84,54,70,84,51,60,48
2018-05-03,91,65,63,70,71,52,59,51,94,68
2018-05-04,15,35,21,41,46,22,37,25,49,31
2018-05-05,34,33,33,46,52,43,25,25,48,43
2018-05-06,34,60,44,28,51,39,35,32,27,67
2018-05-07,34,63,61,52,68,32,74,53,65,52
2018-05-08,24,50,46,31,34,41,46,36,61,31
2018-05-09,55,65,43,40,43,57,74,61,51,59
2018-05-10,26,47,38,25,61,69,39,60,53,38
2018-05-11,87,89,73,95,110,87,74,112,111,62
2018-05-12,42,36,40,51,34,26,47,35,48,51
2018-05-13,56,45,41,21,68,27,40,59,53,72
2018-05-14,45,48,24,43,19,31,50,35,46,40
2018-05-15,35,53,54,40,20,49,42,57,41,19
2018-05-16,45,33,30,61,49,56,40,37,74,18
2018-05-17,46,59,54,33,27,69,42,43,22,24
2018-05-18,32,48,46,30,39,17,28,58,48,46
2018-05-19,63,65,72,63,85,61,78,61,75,96
2018-05-20,56,51,25,27,23,38,35,40,39,33
2018-05-21,46,56,59,29,34,61,58,26,56,48
2018-05-22,43,23,32,39,39,44,63,33,72,38
2018-05-23,47,53,28,47,54,61,44,63,56,55
2018-05-24,48,31,40,40,71,52,68,49,61,40
2018-05-25,79,76,75,83,73,92,75,82,88,64
2018-05-26,48,48,47,41,34,17,32,52,44,32
2018-05-27,68,48,51,68,49,49,39,54,66,70
2018-05-28,37,33,32,40,63,39,35,23,37,31
2018-05-29,27,31,53,36,52,28,67,44,60,63
2018-05-30,58,30,51,31,45,26,28,48,69,60
2018-05-31,45,24,44,51,32,54,61,54,69,62
2018-06-01,42,63,31,40,78,59,39,44,75,57
2018-06-02,13,16,41,37,17,24,23,21,36,28
2018-06-03,50,56,31,36,53,54,29,40,87,42
2018-06-04,111,104,103,54,83,81,56,99,111,70
2018-06-05,44,60,41,62,36,60,33,35,64,60
2018-06-06,41,53,46,53,51,42,37,48,50,56
2018-06-07,46,55,41,65,53,47,46,66,49,58
2018-06-08,46,46,22,30,46,26,16,42,37,35
2018-06-09,67,62,73,79,84,45,73,52,74,53
2018-06-10,35,51,43,56,41,48,59,55,47,70
2018-06-11,45,52,37,46,54,45,33,42,61,24
2018-06-12,32,32,58,60,39,40,19,30,37,24
2018-06-13,26,44,79,26,55,36,28,62,43,59
2018-06-14,76,83,73,90,72,72,81,48,75,71
2018-06-15,82,88,66,84,68,69,81,65,104,86
2018-06-16,46,29,52,54,53,37,36,50,74,51
2018-06-17,64,37,62,43,59,40,54,74,71,37
2018-06-18,32,39,23,12,33,26,22,29,30,35
2018-06-19,50,49,26,64,74,37,58,49,49,30
2018-06-20,39,53,35,52,34,47,54,29,23,24
2018-06-21,64,53,27,58,72,53,50,52,78,64
2018-06-22,43,49,26,44,33,32,39,25,35,31
2018-06-23,33,23,45,36,67,61,34,52,50,68
2018-06-24,45,48,55,48,70,39,61,55,58,42
2018-06-25,51,46,75,50,83,64,49,55,67,53
2018-06-26,52,57,41,35,52,54,54,60,70,58
2018-06-27,53,30,53,56,48,24,63,20,46,59
2018-06-28,65,67,81,97,54,73,52,59,66,86
2018-06-29,68,58,75,63,32,58,59,58,76,79
2018-06-30,42,73,48,55,44,23,49,44,71,26
2018-07-01,66,80,61,102,66,85,79,59,61,77
2018-07-02,32,37,54,62,36,47,33,74,87,34
2018-07-03,72,76,102,36,65,83,26,80,101,56
2018-07-04,72,39,40,52,65,79,48,65,115,48
2018-07-05,70,56,38,82,51,18,39,29,51,77
2018-07-06,65,44,32,62,17,55,45,43,53,69
2018-07-07,32,54,29,57,60,57,46,76,76,64
2018-07-08,64,60,76,59,39,47,82,54,87,43
2018-07-09,43,73,41,60,69,48,75,95,94,69
2018-07-10,70,46,34,59,60,42,41,41,67,49
2018-07-11,36,23,41,60,44,40,32,34,65,49
2018-07-12,81,60,50,55,55,40,44,54,73,80
2018-07-13,32,42,29,19,27,37,24,26,69,33
2018-07-14,67,61,43,69,79,38,42,59,95,94
2018-07-15,32,107,53,55,72,22,69,56,58,64
2018-07-16,40,25,26,31,44,26,19,42,45,43
2018-07-17,73,50,59,70,72,60,57,70,80,68
2018-07-18,56,52,31,42,30,40,59,32,78,53
2018-07-19,31,25,36,15,52,32,39,50,66,34
2018-07-20,38,40,27,13,41,35,26,42,57,48
2018-07-21,55,72,68,106,68,92,89,59,91,49
2018-07-22,36,58,48,26,37,34,33,34,44,50
2018-07-23,70,67,77,56,48,74,79,84,106,62
2018-07-24,40,6,32,53,35,42,40,31,47,18
2018-07-25,59,55,35,48,57,44,37,52,64,30
2018-07-26,53,75,56,59,51,31,47,76,53,47
2018-07-27,56,34,52,68,56,53,37,56,81,56
2018-07-28,70,50,64,54,47,42,46,75,89,57
2018-07-29,47,48,53,51,66,72,50,49,71,68
2018-07-30,59,64,62,80,54,50,83,66,70,45
2018-07-31,60,65,60,35,70,74,24,48,102,52
2018-08-01,69,60,85,38,37,40,45,56,70,36
2018-08-02,75,83,27,79,43,48,52,59,78,53
2018-08-03,23,37,25,29,45,43,23,21,32,18
2018-08-04,88,43,66,64,56,50,56,82,74,39
2018-08-05,55,34,40,32,44,40,28,25,51,34
2018-08-06,67,38,80,41,32,64,58,43,90,45
2018-08-07,61,76,53,62,58,25,30,121,85,67
2018-08-08,69,47,52,28,68,15,54,34,75,43
2018-08-09,71,55,50,50,61,42,52,71,82,85
2018-08-10,31,43,52,51,45,19,70,47,59,51
2018-08-11,77,40,53,56,47,61,36,45,66,66
2018-08-12,41,41,35,24,28,40,54,44,48,31
2018-08-13,33,46,38,27,28,45,46,47,66,67
2018-08-14,113,55,35,57,57,49,66,50,61,37
2018-08-15,46,46,59,41,50,51,57,33,62,49
2018-08-16,48,58,50,46,36,63,52,39,37,50
2018-08-17,51,59,41,32,66,38,27,55,66,48
2018-08-18,69,84,69,71,71,64,76,48,74,38
2018-08-19,93,48,62,66,73,81,67,41,100,64
2018-08-20,9,42,32,34,32,41,32,10,34,11
2018-08-21,60,43,36,36,41,38,47,52,87,61
2018-08-22,25,21,22,29,25,13,26,11,56,
2018-08-23,93,69,60,49,61,68,61,56,121,60
2018-08-24,92,80,70,52,56,64,76,72,102,53
2018-08-25,31,32,36,28,32,37,30,25,64,25
2018-08-26,97,36,43,49,35,31,36,46,53,37
2018-08-27,62,39,16,28,20,19,26,23,37,31
2018-08-28,91,98,60,72,70,69,68,69,131,55
2018-08-29,53,78,41,59,56,51,46,11,60,41
2018-08-30,72,70,69,65,41,48,45,52,91,39
2018-08-31,73,48,78,62,67,74,64,54,99,25
2018-09-01,158,83,73,60,60,59,28,86,52,97
2018-09-02,95,76,58,52,60,60,74,52,67,46
2018-09-03,125,56,58,85,50,56,66,90,67,65
2018-09-04,102,56,62,67,54,24,59,31,55,52
2018-09-05,100,52,53,42,67,44,29,38,62,64
2018-09-06,81,58,50,46,54,77,44,47,80,95
2018-09-07,63,41,54,75,50,53,51,45,69,28
2018-09-08,61,47,33,21,33,18,30,25,46,36
2018-09-09,85,21,37,48,44,31,53,51,66,56
2018-09-10,81,65,74,63,96,93,74,84,78,91
2018-09-11,65,93,47,37,57,62,41,49,72,57
2018-09-12,123,104,52,70,33,55,82,91,113,75
2018-09-13,60,63,24,53,59,28,57,42,71,42
2018-09-14,51,65,47,75,56,48,68,32,104,57
2018-09-15,82,36,40,28,33,55,21,39,61,32
2018-09-16,79,42,62,40,33,44,24,54,93,81
2018-09-17,118,65,47,57,38,74,76,63,62,43
2018-09-18,76,53,43,70,51,27,28,18,72,43
2018-09-19,103,71,79,80,86,68,86,45,74,51
2018-09-20,65,32,39,62,26,53,69,50,59,48
2018-09-21,100,78,56,55,46,29,71,49,89,75
2018-09-22,68,55,74,62,101,59,64,68,77,42
2018-09-23,100,43,38,74,38,32,31,51,77,64
2018-09-24,83,41,30,53,67,55,41,54,64,36
2018-09-25,121,46,66,36,67,40,57,70,99,64
2018-09-26,37,43,68,39,70,50,76,56,65,64
2018-09-27,114,53,69,44,45,54,66,34,69,50
2018-09-28,91,42,79,54,59,82,81,70,91,68
2018-09-29,73,61,46,51,59,30,56,84,70,36
2018-09-30,44,27,34,36,47,50,35,35,68,54
2018-10-01,80,39,23,24,27,5,19,24,23,42
2018-10-02,24,28,33,46,61,42,45,62,42,55
2018-10-03,160,41,61,51,73,111,72,61,92,77
2018-10-04,102,51,37,48,63,53,50,45,60,34
2018-10-05,126,31,67,48,42,41,60,55,53,36
2018-10-06,80,41,35,37,44,38,53,41,57,30
2018-10-07,100,61,63,75,48,62,63,50,35,67
2018-10-08,108,49,99,56,60,43,84,45,55,43
2018-10-09,92,52,65,51,63,38,54,41,80,52
2018-10-10,72,19,28,31,32,36,25,60,38,32
2018-10-11,130,85,54,61,96,61,51,70,87,71
2018-10-12,90,37,16,17,50,19,35,34,39,15
2018-10-13,116,54,61,50,58,42,55,46,46,51
2018-10-14,64,27,28,42,34,33,30,10,14,37
2018-10-15,100,88,50,70,71,48,45,63,77,62
2018-10-16,154,47,69,84,85,45,73,54,60,59
2018-10-17,152,62,46,81,52,28,55,68,57,37
2018-10-18,190,47,83,56,62,69,89,64,82,89
2018-10-19,64,32,49,28,50,32,48,52,59,55
2018-10-20,80,70,48,48,45,68,33,26,59,80
2018-10-21,86,17,60,22,29,34,20,64,44,79
2018-10-22,68,45,89,64,58,77,60,53,55,76
2018-10-23,160,38,83,79,30,33,75,67,93,41
2018-10-24,116,40,56,74,53,61,44,61,105,50
2018-10-25,98,48,78,61,40,38,24,50,55,27
2018-10-26,152,62,59,64,63,51,62,32,77,66
2018-10-27,98,48,62,55,70,81,65,88,61,46
2018-10-28,136,73,62,45,60,46,40,56,78,52
2018-10-29,202,95,88,65,91,101,66,75,99,59
2018-10-30,132,91,67,46,47,80,56,88,98,92
2018-10-31,192,81,62,98,50,76,91,67,70,66
2018-11-01,50,43,52,47,52,82,23,41,49,51
2018-11-02,48,19,37,24,37,43,26,26,30,29
2018-11-03,73,41,36,48,48,39,41,41,43,42
2018-11-04,106,54,68,59,82,129,71,92,86,98
2018-11-05,31,26,24,31,6,69,17,31,33,39
2018-11-06,110,65,74,33,69,142,74,79,67,95
2018-11-07,85,58,30,42,44,95,49,51,44,28
2018-11-08,112,60,80,44,79,157,77,64,75,74
2018-11-09,58,59,29,55,51,142,39,52,51,83
2018-11-10,59,40,41,54,42,84,53,50,48,54
2018-11-11,107,39,41,40,14,93,62,67,58,31
2018-11-12,96,51,53,54,38,112,56,52,46,97
2018-11-13,97,66,92,105,33,174,52,54,85,126
2018-11-14,88,44,64,77,66,73,45,73,49,52
2018-11-15,45,33,31,20,28,75,28,30,33,40
2018-11-16,50,62,57,80,50,135,86,43,83,69
2018-11-17,94,20,32,45,42,78,42,35,36,52
2018-11-18,106,26,67,71,42,84,56,49,33,71
2018-11-19,72,23,23,44,36,76,41,33,50,63
2018-11-20,78,26,42,21,15,97,32,32,78,36
2018-11-21,87,30,59,66,40,119,13,65,58,70
2018-11-22,104,47,77,40,77,132,45,43,73,68
2018-11-23,55,86,57,58,59,158,58,34,71,23
2018-11-24,47,66,64,87,74,192,49,55,47,74
2018-11-25,48,48,31,36,41,71,31,29,46,69
2018-11-26,62,32,56,40,29,77,70,47,33,40
2018-11-27,99,33,62,82,19,58,70,74,65,79
2018-11-28,129,102,76,71,95,164,43,81,60,91
2018-11-29,85,73,41,64,61,141,36,42,48,68
2018-11-30,54,26,58,42,43,77,51,28,18,55
2018-12-01,44,67,80,46,70,272,64,76,47,100
2018-12-02,107,36,39,72,57,112,45,45,51,85
2018-12-03,145,42,74,30,94,148,65,55,70,77
2018-12-04,39,46,42,46,51,180,36,43,56,24
2018-12-05,92,67,68,62,68,224,40,65,60,34
2018-12-06,37,42,27,51,78,108,67,33,30,35
2018-12-07,105,68,67,69,52,260,98,61,59,56
2018-12-08,109,49,60,57,50,204,70,61,37,42
2018-12-09,118,102,81,79,58,260,52,77,87,113
2018-12-10,99,32,54,65,41,212,44,46,74,55
2018-12-11,39,33,36,17,35,136,20,35,37,38
2018-12-12,118,53,59,62,90,320,83,94,84,75
2018-12-13,115,41,63,59,63,104,62,79,27,79
2018-12-14,87,71,20,50,63,156,86,86,74,63
2018-12-15,63,38,51,22,43,140,57,46,19,43
2018-12-16,155,50,76,78,54,192,67,47,56,54
2018-12-17,76,39,78,65,32,180,71,92,74,73
2018-12-18,56,38,31,43,34,224,34,60,44,56
2018-12-19,29,57,50,40,56,200,59,63,30,50
2018-12-20,94,51,80,63,82,220,59,92,68,85
2018-12-21,122,75,88,32,37,132,51,71,51,60
2018-12-22,137,73,102,57,68,244,47,113,75,84
2018-12-23,122,44,53,30,54,184,54,45,45,117
2018-12-24,48,46,44,34,48,160,20,37,45,45
2018-12-25,157,51,64,56,63,172,70,56,55,83
2018-12-26,72,38,51,45,40,276,62,35,13,30
2018-12-27,97,45,60,62,55,172,63,43,55,48
2018-12-28,146,55,94,107,117,296,62,85,56,105
2018-12-29,68,40,69,37,38,180,72,89,43,88
2018-12-30,63,43,59,31,52,148,69,64,38,73
2018-12-31,124,31,66,26,56,156,51,80,49,85
2019-01-01,63,73,84,73,57,122,53,25,61,88
2019-01-02,45,38,45,29,24,96,51,41,13,31
2019-01-03,97,62,59,67,55,170,69,68,68,94
2019-01-04,103,73,71,65,78,128,98,109,58,81
2019-01-05,102,48,65,61,65,80,61,57,55,55
2019-01-06,147,64,60,59,48,214,59,69,66,75
2019-01-07,45,13,14,8,26,20,15,18,16,42
2019-01-08,48,38,20,31,68,80,50,61,37,65
2019-01-09,64,47,62,44,36,80,58,40,60,53
2019-01-10,64,22,43,48,33,118,36,40,44,69
2019-01-11,83,74,34,32,62,146,54,73,41,70
2019-01-12,100,71,52,66,61,164,72,63,72,47
2019-01-13,91,65,48,66,52,104,76,67,68,63
2019-01-14,52,33,48,27,31,62,14,25,44,62
2019-01-15,71,52,55,54,56,104,67,44,75,88
2019-01-16,80,45,48,90,71,150,68,75,98,54
2019-01-17,69,47,24,21,46,108,31,26,51,39
2019-01-18,72,45,58,68,38,114,48,55,64,62
2019-01-19,89,58,68,44,64,110,70,54,93,66
2019-01-20,64,6,51,17,27,122,38,44,16,62
2019-01-21,107,62,46,75,47,120,49,74,45,41
2019-01-22,54,35,52,50,21,108,35,55,61,42
2019-01-23,64,46,49,31,44,86,34,59,55,32
2019-01-24,79,48,66,94,63,114,36,62,64,77
2019-01-25,65,21,28,55,50,76,52,41,26,36
2019-01-26,25,31,62,53,52,84,30,50,62,56
2019-01-27,56,71,55,59,53,74,42,80,48,51
2019-01-28,84,35,42,46,40,86,31,39,58,43
2019-01-29,64,19,39,14,51,64,27,42,34,54
2019-01-30,126,59,78,73,68,114,74,71,89,79
2019-01-31,121,56,56,50,47,88,39,28,44,76
2019-02-01,77,74,87,81,43,77,78,90,47,67
2019-02-02,68,68,61,69,63,57,55,39,74,64
2019-02-03,74,92,46,80,55,74,75,64,80,66
2019-02-04,46,69,54,82,66,60,60,71,41,69
2019-02-05,44,39,29,18,36,48,29,26,21,23
2019-02-06,23,36,42,54,28,39,50,51,26,26
2019-02-07,67,59,46,47,13,42,48,67,46,48
2019-02-08,79,71,56,45,48,49,102,43,61,17
2019-02-09,62,44,33,61,58,72,41,48,54,61
2019-02-10,55,35,41,43,37,61,47,65,40,70
2019-02-11,46,41,32,32,40,38,37,37,30,51
2019-02-12,35,94,42,74,73,61,49,69,68,64
2019-02-13,66,58,30,39,53,35,67,30,40,57
2019-02-14,45,53,53,43,62,77,57,57,51,37
2019-02-15,75,68,59,47,38,70,57,41,54,63
2019-02-16,91,73,52,73,71,67,69,81,71,53
2019-02-17,60,48,51,48,56,59,65,59,55,74
2019-02-18,94,53,68,45,65,55,55,70,102,80
2019-02-19,46,30,61,67,48,66,85,66,57,76
2019-02-20,28,45,30,25,56,30,37,38,51,35
2019-02-21,46,59,60,68,55,74,54,60,59,71
2019-02-22,83,42,64,42,28,42,40,56,61,76
2019-02-23,48,43,40,18,48,48,36,40,47,34
2019-02-24,40,23,15,26,27,29,27,63,50,41
2019-02-25,40,31,50,39,19,44,34,39,27,31
2019-02-26,47,67,40,56,55,59,48,45,49,38
2019-02-27,45,18,38,45,29,27,43,44,34,26
2019-02-28,71,73,68,42,60,71,92,84,44,83
2019-03-01,24,28,36,41,41,17,32,45,29,31
2019-03-02,29,58,73,60,46,57,71,60,71,52
2019-03-03,47,29,47,53,34,51,54,12,43,13
2019-03-04,34,34,76,52,65,77,54,59,56,41
2019-03-05,61,51,47,44,57,70,39,58,59,70
2019-03-06,74,56,58,47,43,50,49,40,62,70
2019-03-07,72,57,82,38,40,44,68,67,55,95
2019-03-08,52,24,18,52,47,60,50,47,71,55
2019-03-09,49,51,30,28,65,40,43,43,46,59
2019-03-10,60,21,49,41,49,30,56,42,41,55
2019-03-11,65,67,65,65,52,46,41,43,65,61
2019-03-12,93,54,42,33,42,54,70,64,50,70
2019-03-13,56,56,56,46,54,54,60,45,39,61
2019-03-14,45,37,91,56,63,56,71,97,52,76
2019-03-15,50,33,31,43,32,54,53,68,67,50
2019-03-16,35,59,43,62,50,61,34,42,38,39
2019-03-17,32,38,62,43,32,57,56,65,41,35
2019-03-18,63,11,49,23,31,41,59,14,61,54
2019-03-19,59,64,63,47,80,66,60,47,53,61
2019-03-20,46,44,47,43,38,46,34,34,48,21
2019-03-21,23,48,46,43,47,31,42,46,41,59
2019-03-22,55,89,62,38,62,63,55,46,60,65
2019-03-23,45,84,51,84,87,46,36,101,46,43
2019-03-24,40,47,32,47,39,71,16,83,57,40
2019-03-25,79,107,71,46,39,53,73,78,54,70
2019-03-26,68,56,85,71,64,60,71,45,53,57
2019-03-27,52,39,89,60,61,55,58,40,74,89
2019-03-28,60,31,66,45,51,56,55,34,26,38
2019-03-29,41,29,28,80,58,69,53,70,53,60
2019-03-30,67,79,67,83,96,73,59,70,40,101
2019-03-31,56,54,56,74,75,50,43,35,59,39
2019-04-01,89,85,58,86,69,68,67,85,87,61
2019-04-02,55,48,95,62,68,57,33,85,79,51
2019-04-03,65,86,55,118,120,101,60,143,90,57
2019-04-04,66,47,71,60,14,58,64,78,50,53
2019-04-05,47,72,67,41,56,75,120,73,66,68
2019-04-06,81,62,92,101,66,70,73,75,66,61
2019-04-07,26,65,55,82,60,66,64,35,81,73
2019-04-08,47,36,75,58,42,33,31,38,36,37
2019-04-09,58,70,93,74,50,53,44,57,46,67
2019-04-10,85,51,136,91,114,50,92,116,94,75
2019-04-11,32,87,56,79,49,47,44,52,68,49
2019-04-12,38,17,45,35,38,52,54,38,57,46
2019-04-13,57,47,35,49,42,70,72,75,76,34
2019-04-14,18,32,35,36,26,30,24,15,39,27
2019-04-15,39,51,62,24,47,49,51,41,33,34
2019-04-16,61,65,67,79,68,57,83,80,59,56
2019-04-17,66,68,44,65,87,69,69,71,48,32
2019-04-18,52,42,54,58,44,38,25,53,27,60
2019-04-19,46,28,84,37,47,39,71,60,51,51
2019-04-20,61,27,72,43,54,39,41,48,34,5
2019-04-21,28,51,28,47,34,58,44,62,42,35
2019-04-22,57,57,32,74,43,48,77,62,63,43
2019-04-23,51,51,95,27,60,43,42,47,61,60
2019-04-24,55,62,49,59,57,67,42,73,71,32
2019-04-25,42,28,49,44,18,24,26,19,14,40
2019-04-26,43,38,56,34,43,22,34,47,35,26
2019-04-27,79,82,60,105,91,84,63,115,107,68
2019-04-28,46,23,40,18,41,27,24,36,29,18
2019-04-29,79,42,80,53,49,32,34,114,54,82
2019-04-30,26,36,46,35,31,7,20,24,30,35
2019-05-01,54,56,58,45,44,96,44,87,36,75
2019-05-02,31,55,42,51,77,61,54,33,31,62
2019-05-03,61,46,59,64,71,95,52,62,97,83
2019-05-04,53,70,70,80,76,83,65,51,85,53
2019-05-05,44,74,59,53,50,48,67,57,83,38
2019-05-06,67,46,84,48,44,51,91,60,54,77
2019-05-07,64,60,94,69,71,43,44,66,33,82
2019-05-08,45,61,28,26,82,63,33,51,71,44
2019-05-09,40,53,74,64,36,28,35,30,71,37
2019-05-10,36,50,36,33,68,43,51,46,51,26
2019-05-11,69,64,78,50,37,52,73,86,77,72
2019-05-12,64,35,46,66,41,60,29,37,44,52
2019-05-13,71,52,25,78,48,49,31,35,49,62
2019-05-14,43,43,31,76,32,50,38,18,44,35
2019-05-15,79,48,45,55,79,85,58,77,69,47
2019-05-16,43,34,37,40,56,32,50,62,48,62
2019-05-17,66,62,35,50,37,36,44,20,78,57
2019-05-18,47,50,38,47,43,55,34,43,35,25
2019-05-19,51,69,84,32,37,58,62,65,69,52
2019-05-20,57,64,38,45,52,42,36,38,53,49
2019-05-21,27,25,44,30,15,18,18,57,35,27
2019-05-22,44,50,76,48,70,59,40,46,73,51
2019-05-23,49,63,98,72,74,51,85,113,57,62
2019-05-24,27,32,27,21,13,15,27,33,18,29
2019-05-25,84,74,69,84,73,86,102,94,58,77
2019-05-26,61,97,69,51,41,68,82,78,74,64
2019-05-27,42,54,40,35,53,26,47,60,83,64
2019-05-28,81,65,57,54,68,64,47,64,59,59
2019-05-29,65,58,30,61,35,48,49,89,55,51
2019-05-30,57,59,47,57,49,81,52,38,55,33
2019-05-31,46,58,75,52,89,49,57,60,76,70
2019-06-01,47,86,53,46,78,21,72,39,49,29
2019-06-02,47,49,51,40,68,50,73,53,86,41
2019-06-03,51,56,55,39,59,53,67,48,78,40
2019-06-04,38,54,54,26,49,69,42,61,77,54
2019-06-05,35,27,28,36,46,33,44,57,41,38
2019-06-06,65,95,82,68,88,64,88,87,70,59
2019-06-07,32,50,42,36,60,91,46,71,71,58
2019-06-08,49,69,54,45,35,58,44,47,46,52
2019-06-09,42,25,26,51,27,30,45,17,41,47
2019-06-10,40,70,42,62,49,38,51,39,75,53
2019-06-11,45,53,51,55,40,24,46,74,82,51
2019-06-12,26,43,24,32,60,33,35,23,54,32
2019-06-13,49,51,25,48,23,33,30,20,41,26
2019-06-14,34,42,58,49,56,39,44,29,59,40
2019-06-15,40,28,54,59,51,68,57,46,59,57
2019-06-16,40,55,59,66,74,42,46,69,56,65
2019-06-17,22,34,50,64,32,65,50,49,70,53
2019-06-18,68,24,61,57,20,41,56,74,51,33
2019-06-19,32,65,49,44,74,43,59,46,88,25
2019-06-20,40,35,64,52,54,60,48,56,38,53
2019-06-21,38,49,74,53,43,35,49,30,42,30
2019-06-22,58,51,48,85,53,55,70,66,98,58
2019-06-23,58,57,49,33,53,63,57,65,62,36
2019-06-24,51,69,56,49,62,56,83,73,79,88
2019-06-25,54,45,65,53,49,52,36,91,32,35
2019-06-26,53,48,75,27,44,43,28,64,40,45
2019-06-27,49,54,67,41,46,42,17,51,63,31
2019-06-28,36,53,52,25,29,45,43,31,46,20
2019-06-29,83,88,82,62,71,86,88,81,62,68
2019-06-30,17,40,29,28,26,36,41,39,76,42
2019-07-01,52,56,46,51,54,67,65,42,107,44
2019-07-02,68,62,68,46,50,31,53,69,103,49
2019-07-03,62,46,47,29,57,49,57,43,78,46
2019-07-04,36,46,42,38,7,51,41,,58,43
2019-07-05,58,103,47,54,72,79,48,59,118,53
2019-07-06,59,92,56,29,62,48,72,73,57,48
2019-07-07,57,57,45,58,53,56,72,70,51,33
2019-07-08,56,61,66,55,74,51,49,67,81,58
2019-07-09,63,39,37,71,59,31,48,23,96,50
2019-07-10,58,33,33,45,56,67,39,40,65,46
2019-07-11,42,38,55,43,46,38,59,51,51,40
2019-07-12,52,24,39,30,35,48,56,15,46,31
2019-07-13,86,42,62,64,39,37,65,50,130,45
2019-07-14,69,66,67,67,67,44,74,59,97,46
2019-07-15,49,31,26,44,39,28,51,47,65,42
2019-07-16,32,31,57,60,68,70,51,84,94,60
2019-07-17,54,73,58,51,74,39,78,44,80,62
2019-07-18,50,36,39,57,48,35,43,68,83,46
2019-07-19,38,31,39,61,44,56,47,69,67,86
2019-07-20,44,58,34,48,59,49,20,65,79,44
2019-07-21,61,76,38,62,56,61,63,30,93,55
2019-07-22,46,37,36,52,50,62,66,29,41,27
2019-07-23,73,67,89,82,64,84,77,72,90,40
2019-07-24,52,61,35,53,56,59,51,43,85,29
2019-07-25,60,83,49,90,76,67,51,92,92,55
2019-07-26,22,30,31,34,42,65,48,62,62,34
2019-07-27,90,76,106,95,85,96,98,79,77,67
2019-07-28,67,76,70,57,32,51,62,58,64,67
2019-07-29,26,34,47,55,30,25,29,34,70,43
2019-07-30,35,37,64,52,39,21,53,44,37,55
2019-07-31,63,73,55,75,76,45,80,61,92,96
2019-08-01,59,68,55,36,67,55,67,63,140,87
2019-08-02,70,35,56,41,57,39,65,34,24,32
2019-08-03,48,30,46,48,40,34,20,42,16,31
2019-08-04,65,67,54,36,33,48,88,43,103,80
2019-08-05,67,75,46,53,81,85,51,46,73,44
2019-08-06,94,47,78,70,40,46,72,51,66,53
2019-08-07,52,21,53,53,46,36,39,16,93,55
2019-08-08,59,54,35,62,48,61,77,45,95,20
2019-08-09,56,45,34,32,48,47,28,40,47,44
2019-08-10,84,94,53,67,65,67,59,56,125,53
2019-08-11,73,72,64,70,40,74,85,71,109,55
2019-08-12,54,69,67,55,65,73,50,46,65,63
2019-08-13,62,59,46,53,74,58,45,65,112,58
2019-08-14,73,56,60,49,84,75,75,90,114,69
2019-08-15,60,25,46,52,39,44,42,38,48,27
2019-08-16,57,63,50,59,58,61,65,53,78,50
2019-08-17,64,70,62,46,64,72,71,60,90,70
2019-08-18,60,48,44,32,39,46,33,63,73,43
2019-08-19,66,54,47,69,37,66,45,76,71,43
2019-08-20,79,22,35,28,51,26,44,21,70,47
2019-08-21,35,34,43,34,35,42,24,22,39,41
2019-08-22,107,47,78,74,86,98,72,78,116,111
2019-08-23,90,61,57,53,41,55,50,56,151,90
2019-08-24,51,43,42,60,52,45,84,79,104,97
2019-08-25,26,13,18,38,21,12,8,34,21,13
2019-08-26,51,48,55,49,60,54,76,42,68,60
2019-08-27,73,16,41,28,25,23,31,37,77,35
2019-08-28,91,53,56,62,64,59,50,86,118,65
2019-08-29,84,57,85,76,61,92,56,89,111,82
2019-08-30,47,67,53,46,42,56,50,40,57,52
2019-08-31,92,60,40,52,50,44,83,76,72,26
2019-09-01,83,60,61,71,45,45,73,57,79,65
2019-09-02,84,78,39,60,68,49,69,60,82,76
2019-09-03,92,62,40,37,31,40,30,28,48,51
2019-09-04,108,58,39,62,46,66,76,37,68,26
2019-09-05,44,65,39,32,48,70,61,47,112,51
2019-09-06,92,55,54,52,56,53,32,23,76,72
2019-09-07,100,52,45,47,41,32,55,43,70,41
2019-09-08,95,69,82,53,66,45,92,61,89,52
2019-09-09,70,44,54,66,69,85,101,55,84,59
2019-09-10,34,52,18,33,31,27,35,31,49,38
2019-09-11,45,32,30,54,42,38,53,43,93,54
2019-09-12,55,63,27,50,63,54,42,55,55,50
2019-09-13,80,59,56,23,48,48,69,34,86,37
2019-09-14,44,72,27,45,27,43,53,39,62,55
2019-09-15,115,76,94,73,40,48,36,67,92,45
2019-09-16,99,70,24,42,48,38,45,42,51,78
2019-09-17,130,51,47,67,36,68,65,69,93,62
2019-09-18,77,77,73,55,28,75,75,57,107,69
2019-09-19,65,32,34,27,26,52,36,7,17,13
2019-09-20,126,63,76,41,43,68,36,52,116,58
2019-09-21,49,70,50,42,44,44,36,63,83,62
2019-09-22,120,62,60,67,56,69,73,46,71,72
2019-09-23,112,64,38,80,31,44,35,52,24,18
2019-09-24,31,14,39,56,22,53,40,14,40,33
2019-09-25,79,51,51,42,57,44,61,38,82,51
2019-09-26,79,42,47,53,24,47,39,70,50,52
2019-09-27,127,75,59,61,67,27,50,76,108,65
2019-09-28,41,27,32,36,34,61,64,60,68,45
2019-09-29,131,66,60,60,59,87,73,54,103,47
2019-09-30,84,29,83,68,84,76,31,56,97,69
2019-10-01,100,70,79,60,54,62,83,64,84,77
2019-10-02,104,24,32,32,56,23,54,68,48,35
2019-10-03,70,36,33,34,32,58,38,40,101,66
2019-10-04,48,27,19,33,11,15,33,20,48,37
2019-10-05,60,26,27,49,16,33,25,38,35,40
2019-10-06,98,43,35,41,56,44,59,41,52,87
2019-10-07,204,43,74,96,48,48,82,60,85,71
2019-10-08,82,53,41,48,36,49,74,44,63,62
2019-10-09,74,46,49,43,33,32,41,32,81,32
2019-10-10,116,70,59,46,52,60,68,54,88,61
2019-10-11,130,58,59,73,57,58,27,67,72,75
2019-10-12,88,48,29,36,28,48,46,48,29,54
2019-10-13,108,29,44,41,53,57,59,41,47,66
2019-10-14,60,56,44,36,28,53,49,46,56,33
2019-10-15,36,34,29,31,24,41,16,22,34,19
2019-10-16,162,60,60,62,65,55,82,44,71,47
2019-10-17,58,35,45,43,70,61,40,42,64,54
2019-10-18,54,45,61,45,36,45,74,60,58,41
2019-10-19,110,50,39,66,40,59,38,72,61,16
2019-10-20,80,36,45,44,35,55,51,61,43,46
2019-10-21,144,53,42,31,52,34,60,52,44,59
2019-10-22,44,45,36,47,48,33,18,33,37,19
2019-10-23,82,70,67,40,58,31,59,33,59,61
2019-10-24,60,54,43,40,41,23,50,50,46,76
2019-10-25,94,40,61,60,45,60,54,27,31,64
2019-10-26,158,72,60,96,50,73,83,88,82,55
2019-10-27,98,73,49,46,61,39,59,50,49,70
2019-10-28,86,22,30,35,37,44,38,35,52,28
2019-10-29,94,41,30,42,46,27,40,49,62,53
2019-10-30,122,30,58,65,67,76,90,62,79,76
2019-10-31,74,56,40,42,61,51,46,62,41,60
2019-11-01,52,26,49,25,31,86,61,44,14,56
2019-11-02,143,69,79,69,89,215,96,100,78,82
2019-11-03,46,94,96,72,52,132,71,72,74,85
2019-11-04,19,13,6,6,19,32,14,7,22,40
2019-11-05,77,30,26,57,44,133,79,33,46,57
2019-11-06,77,29,12,46,48,99,46,64,57,84
2019-11-07,78,45,55,78,57,130,60,37,53,54
2019-11-08,75,53,57,49,53,165,51,73,57,85
2019-11-09,74,46,62,55,39,107,42,57,50,53
2019-11-10,62,78,17,47,34,120,23,51,56,30
2019-11-11,117,46,33,54,47,129,78,49,47,63
2019-11-12,73,47,47,66,70,166,73,51,52,89
2019-11-13,103,28,69,78,102,199,67,76,70,90
2019-11-14,73,35,25,52,49,93,41,33,26,14
2019-11-15,40,46,37,70,64,95,33,47,35,53
2019-11-16,98,43,35,46,71,112,33,41,38,52
2019-11-17,80,58,44,58,65,80,66,12,46,71
2019-11-18,64,38,36,56,27,13,46,70,32,36
2019-11-19,75,53,63,59,44,82,52,74,51,58
2019-11-20,56,56,58,54,28,73,52,66,29,51
2019-11-21,90,22,64,41,75,86,65,57,53,77
2019-11-22,74,42,66,32,50,88,52,54,72,61
2019-11-23,86,77,52,71,85,156,62,57,53,67
2019-11-24,95,74,33,53,53,138,67,32,46,58
2019-11-25,113,97,100,78,67,148,92,93,85,53
2019-11-26,75,41,35,28,66,141,60,86,55,52
2019-11-27,91,64,69,46,80,147,28,79,54,58
2019-11-28,78,82,24,49,28,129,64,39,43,38
2019-11-29,31,37,21,38,40,56,23,40,53,50
2019-11-30,41,34,26,29,44,61,39,30,47,52
2019-12-01,137,60,48,62,51,180,67,74,69,67
2019-12-02,103,69,54,62,113,348,106,87,90,87
2019-12-03,122,63,33,94,57,272,97,101,79,92
2019-12-04,146,51,67,77,68,232,56,72,43,65
2019-12-05,71,44,,33,19,156,74,51,38,37
2019-12-06,102,61,68,48,52,208,98,54,36,66
2019-12-07,70,32,22,28,33,92,42,26,39,28
2019-12-08,145,64,20,46,55,196,61,85,84,90
2019-12-09,57,33,46,29,35,156,47,33,39,31
2019-12-10,97,61,60,48,90,264,70,20,53,105
2019-12-11,113,44,50,40,38,224,54,31,51,52
2019-12-12,131,67,60,38,98,168,76,70,66,53
2019-12-13,103,95,47,44,71,156,55,49,43,44
2019-12-14,113,43,83,60,77,180,70,51,62,47
2019-12-15,88,61,64,41,52,180,68,75,73,42
2019-12-16,56,53,65,47,56,264,82,48,58,88
2019-12-17,118,62,100,103,70,256,113,108,93,105
2019-12-18,51,52,41,40,65,124,64,80,52,57
2019-12-19,135,66,68,51,98,292,44,64,37,98
2019-12-20,33,60,52,43,62,188,66,50,45,45
2019-12-21,50,62,45,57,55,148,51,42,28,59
2019-12-22,50,8,54,41,32,184,42,25,45,56
2019-12-23,102,64,74,76,66,236,46,24,55,56
2019-12-24,83,53,68,76,130,168,78,56,55,61
2019-12-25,44,54,28,64,47,40,47,22,45,63
2019-12-26,83,58,65,76,51,264,70,75,31,68
2019-12-27,91,52,36,70,48,100,45,61,35,45
2019-12-28,62,29,56,30,105,148,77,72,72,79
2019-12-29,59,44,13,22,44,152,31,36,39,16
2019-12-30,166,45,90,67,93,240,52,78,55,60
2019-12-31,55,13,33,24,39,244,23,48,37,42
2020-01-01,60,26,47,5,33,48,36,21,25,42
2020-01-02,89,60,58,40,51,94,31,35,38,87
2020-01-03,165,84,76,96,65,170,89,107,50,47
2020-01-04,84,47,47,65,47,48,27,68,59,71
2020-01-05,77,66,88,71,61,196,91,83,69,69
2020-01-06,74,60,51,57,48,132,42,65,69,88
2020-01-07,47,53,19,68,52,102,20,60,48,31
2020-01-08,72,36,41,32,26,84,54,24,19,44
2020-01-09,126,65,43,45,104,172,55,78,37,57
2020-01-10,91,51,74,70,93,140,85,60,39,71
2020-01-11,94,75,37,58,32,118,53,44,46,67
2020-01-12,103,95,81,52,71,182,56,76,95,78
2020-01-13,26,57,72,31,38,92,52,35,35,49
2020-01-14,57,66,62,65,57,116,57,70,74,14
2020-01-15,38,30,49,19,31,66,42,28,53,46
2020-01-16,85,42,27,71,49,128,56,49,44,26
2020-01-17,73,27,59,34,33,142,67,72,60,33
2020-01-18,35,70,69,71,69,150,52,56,62,61
2020-01-19,48,47,52,39,31,134,34,41,46,26
2020-01-20,108,84,67,47,86,86,63,72,69,99
2020-01-21,76,35,32,42,40,82,34,42,43,33
2020-01-22,121,78,88,78,111,216,97,116,84,152
2020-01-23,67,39,37,38,33,86,34,47,44,28
2020-01-24,35,37,60,44,31,108,39,45,26,34
2020-01-25,75,20,66,66,51,68,36,45,51,72
2020-01-26,56,60,58,78,47,110,54,76,62,49
2020-01-27,85,52,57,42,52,94,50,60,20,42
2020-01-28,131,62,58,78,101,96,59,72,69,77
2020-01-29,79,46,23,48,72,82,31,44,44,65
2020-01-30,114,19,32,60,81,78,79,35,52,89
2020-01-31,39,38,31,48,39,58,38,48,59,50
2020-02-01,52,46,34,49,65,63,41,62,38,38
2020-02-02,73,66,96,50,52,66,63,54,32,40
2020-02-03,66,83,40,83,69,80,86,66,91,45
2020-02-04,105,60,26,63,56,50,38,73,29,66
2020-02-05,38,35,75,54,75,43,60,62,67,23
2020-02-06,96,69,42,59,52,48,51,76,84,83
2020-02-07,42,49,81,106,84,51,65,60,48,50
2020-02-08,29,34,54,47,45,54,41,39,39,64
2020-02-09,32,25,26,40,19,36,28,38,23,27
2020-02-10,34,41,57,38,39,8,30,31,57,49
2020-02-11,30,58,30,54,29,33,30,46,31,81
2020-02-12,62,20,51,63,40,54,40,59,45,20
2020-02-13,42,28,47,31,29,38,40,43,55,61
2020-02-14,75,28,36,22,33,52,41,32,70,41
2020-02-15,58,47,46,38,25,33,53,21,28,16
2020-02-16,47,45,36,32,50,32,39,41,36,61
2020-02-17,69,33,60,58,58,70,64,44,65,56
2020-02-18,42,21,37,62,55,58,32,56,50,39
2020-02-19,90,31,43,37,45,48,45,69,61,12
2020-02-20,48,40,31,43,37,31,33,43,48,25
2020-02-21,57,48,66,28,57,59,34,58,67,44
2020-02-22,55,35,48,46,44,57,77,33,37,34
2020-02-23,74,69,60,46,45,77,52,45,76,47
2020-02-24,73,59,37,54,74,82,83,115,48,85
2020-02-25,72,70,60,39,92,60,54,80,66,43
2020-02-26,77,89,64,68,53,58,63,83,48,39
2020-02-27,36,28,36,52,37,58,37,31,49,58
2020-02-28,23,33,42,22,46,45,41,31,44,52
2020-02-29,23,32,26,20,51,25,40,32,27,27
2020-03-01,36,61,54,44,74,43,46,71,58,54
2020-03-02,54,62,47,82,42,72,54,49,53,67
2020-03-03,66,76,57,94,70,74,58,61,80,64
2020-03-04,46,41,20,35,56,65,41,43,33,20
2020-03-05,55,75,53,26,42,72,78,29,69,52
2020-03-06,46,77,45,68,39,46,26,49,72,36
2020-03-07,32,59,42,35,55,35,44,67,19,50
2020-03-08,19,28,44,36,34,34,37,26,29,26
2020-03-09,94,64,95,81,87,73,41,49,73,60
2020-03-10,14,43,64,43,31,43,46,60,67,50
2020-03-11,57,43,61,47,44,49,68,64,61,60
2020-03-12,34,21,32,50,32,26,52,36,32,44
2020-03-13,50,39,54,65,36,75,66,37,53,39
2020-03-14,53,19,21,57,69,61,50,49,32,40
2020-03-15,111,125,94,92,88,72,101,70,86,73
2020-03-16,59,29,47,43,32,61,37,27,30,59
2020-03-17,43,73,25,48,52,77,44,72,23,48
2020-03-18,52,43,45,48,40,32,66,54,26,50
2020-03-19,45,75,64,39,41,28,75,46,70,40
2020-03-20,57,35,60,50,39,32,40,34,57,29
2020-03-21,74,51,92,66,66,56,56,88,46,63
2020-03-22,55,40,38,51,52,36,45,46,62,47
2020-03-23,41,37,49,53,57,52,45,42,30,32
2020-03-24,59,20,57,43,12,25,47,53,22,25
2020-03-25,68,77,59,65,55,37,51,61,61,53
2020-03-26,55,52,52,50,45,32,39,48,39,27
2020-03-27,54,65,54,65,47,31,76,40,63,62
2020-03-28,63,47,44,50,52,63,73,42,51,62
2020-03-29,57,52,41,64,60,47,59,74,59,37
2020-03-30,61,61,65,62,80,58,97,87,43,69
2020-03-31,66,74,71,59,62,80,22,56,42,67
2020-04-01,51,60,57,79,67,57,54,40,47,51
2020-04-02,66,54,53,97,69,73,42,99,65,66
2020-04-03,18,47,24,33,39,21,52,34,39,29
2020-04-04,79,94,54,55,62,81,73,98,74,70
2020-04-05,60,52,66,53,76,48,61,48,27,31
2020-04-06,30,53,51,79,58,38,24,66,39,38
2020-04-07,44,51,26,24,38,47,53,48,43,58
2020-04-08,13,31,57,39,47,44,32,40,30,25
2020-04-09,63,77,58,28,44,53,48,73,67,40
2020-04-10,62,41,77,31,36,79,40,70,49,63
2020-04-11,43,44,44,42,18,24,21,13,38,13
2020-04-12,36,26,58,45,61,47,59,63,40,43
2020-04-13,74,76,76,67,48,38,76,73,68,27
2020-04-14,46,91,89,75,60,48,82,34,47,44
2020-04-15,87,67,33,97,48,70,50,62,52,60
2020-04-16,69,71,74,53,51,30,44,62,69,47
2020-04-17,61,55,59,67,54,63,70,69,55,67
2020-04-18,119,47,70,75,63,61,45,49,53,43
2020-04-19,26,19,36,46,32,38,21,43,29,38
2020-04-20,39,69,73,56,47,59,43,81,64,86
2020-04-21,56,70,79,56,69,42,57,70,75,75
2020-04-22,45,19,47,37,75,46,76,57,59,58
2020-04-23,77,70,63,58,79,76,60,74,68,87
2020-04-24,60,38,32,52,37,40,42,88,55,41
2020-04-25,61,49,50,69,41,50,22,66,53,25
2020-04-26,79,48,48,83,66,84,48,79,106,73
2020-04-27,48,68,63,90,82,50,69,92,67,87
2020-04-28,43,70,79,72,52,42,48,82,50,51
2020-04-29,50,41,37,70,91,87,65,53,45,55
2020-04-30,18,32,26,25,33,23,38,47,40,47
2020-05-01,26,19,59,59,63,48,56,48,58,42
2020-05-02,59,61,68,58,64,40,64,53,63,49
2020-05-03,74,42,51,67,39,78,40,56,82,46
2020-05-04,41,29,29,10,31,33,43,49,40,33
2020-05-05,75,86,49,57,27,70,32,38,70,66
2020-05-06,44,49,62,45,26,64,61,53,48,39
2020-05-07,71,66,45,78,60,39,50,46,76,45
2020-05-08,52,63,32,64,52,51,20,49,74,22
2020-05-09,36,33,24,46,16,21,48,28,42,35
2020-05-10,44,74,17,67,56,73,63,82,72,61
2020-05-11,35,38,50,21,32,37,43,25,23,49
2020-05-12,58,26,30,32,52,33,67,39,65,56
2020-05-13,47,51,44,49,65,54,62,50,114,56
2020-05-14,63,72,76,71,69,56,56,71,88,46
2020-05-15,37,26,40,34,53,84,45,28,52,58
2020-05-16,66,92,61,55,58,46,98,23,54,59
2020-05-17,27,42,27,52,35,58,59,55,82,36
2020-05-18,46,62,59,83,52,37,78,70,74,69
2020-05-19,63,46,61,19,68,59,68,46,107,56
2020-05-20,44,56,27,40,49,62,38,51,40,23
2020-05-21,8,51,35,33,31,35,34,53,53,30
2020-05-22,56,60,33,73,52,61,54,58,103,55
2020-05-23,56,72,60,39,45,68,96,76,85,45
2020-05-24,6,29,52,23,8,7,33,35,24,54
2020-05-25,54,48,41,51,18,42,46,13,29,60
2020-05-26,87,54,67,47,40,65,49,16,43,42
2020-05-27,44,53,44,41,24,61,18,46,51,43
2020-05-28,76,44,32,79,50,45,70,78,62,67
2020-05-29,46,70,72,68,60,70,84,71,83,82
2020-05-30,70,90,88,53,73,42,51,44,91,50
2020-05-31,71,42,59,57,70,34,93,60,83,65
2020-06-01,45,42,34,49,48,22,31,44,53,31
2020-06-02,54,55,39,44,52,59,56,68,83,56
2020-06-03,52,54,95,47,45,55,58,69,84,45
2020-06-04,67,55,54,55,47,58,53,61,73,50
2020-06-05,44,48,37,47,63,42,38,54,79,41
2020-06-06,31,28,38,34,49,44,45,69,62,43
2020-06-07,45,36,32,41,34,30,56,40,35,46
2020-06-08,23,12,31,37,22,43,31,20,25,41
2020-06-09,37,36,37,44,50,59,37,40,44,42
2020-06-10,69,64,57,77,54,73,54,39,79,75
2020-06-11,17,50,46,42,46,39,33,52,24,18
2020-06-12,55,66,59,31,66,46,56,47,27,44
2020-06-13,24,47,53,45,37,59,23,20,49,43
2020-06-14,36,33,48,44,54,57,35,50,52,22
2020-06-15,82,57,81,57,83,56,77,68,105,59
2020-06-16,36,33,39,44,57,28,50,49,72,66
2020-06-17,59,67,40,44,47,96,54,63,107,66
2020-06-18,76,64,58,60,40,72,74,50,128,47
2020-06-19,20,35,52,22,49,46,21,14,25,33
2020-06-20,47,48,62,60,50,46,40,50,98,59
2020-06-21,44,38,53,64,61,39,51,74,48,22
2020-06-22,52,35,17,65,40,44,39,33,36,53
2020-06-23,35,38,34,44,53,34,48,33,15,25
2020-06-24,46,29,8,39,20,42,43,34,28,26
2020-06-25,92,87,87,96,46,68,70,59,60,71
2020-06-26,52,17,49,44,48,55,35,15,74,51
2020-06-27,52,46,48,18,51,24,45,21,39,5
2020-06-28,57,63,63,66,52,47,83,50,90,35
2020-06-29,71,62,67,73,70,69,85,46,104,59
2020-06-30,21,35,44,33,35,31,30,33,67,59
2020-07-01,48,64,59,57,45,48,55,54,122,48
2020-07-02,41,75,45,57,56,23,29,47,68,42
2020-07-03,31,66,70,48,40,62,37,51,90,46
2020-07-04,13,48,52,46,58,14,50,58,40,39
2020-07-05,83,62,104,60,69,92,54,72,85,81
2020-07-06,65,43,73,57,29,53,90,73,74,57
2020-07-07,39,45,27,79,45,56,30,33,48,53
2020-07-08,34,57,67,49,56,65,42,23,81,50
2020-07-09,57,49,56,62,48,50,54,46,79,63
2020-07-10,120,75,109,94,52,67,52,61,107,60
2020-07-11,39,58,43,57,48,65,45,48,30,40
2020-07-12,61,66,64,37,51,35,59,41,89,60
2020-07-13,96,74,85,80,81,63,73,91,143,77
2020-07-14,25,50,36,32,15,33,53,51,25,17
2020-07-15,52,56,61,31,44,51,56,40,83,90
2020-07-16,33,21,29,53,35,16,36,21,38,28
2020-07-17,75,30,31,51,59,45,62,73,71,54
2020-07-18,61,66,46,53,70,61,41,68,115,65
2020-07-19,62,97,78,86,59,90,69,73,118,70
2020-07-20,48,44,50,48,41,64,75,55,89,59
2020-07-21,32,28,43,49,34,59,50,37,33,37
2020-07-22,41,39,49,54,55,57,44,49,46,54
2020-07-23,50,38,89,80,84,77,93,39,96,64
2020-07-24,34,30,33,25,40,19,36,20,53,67
2020-07-25,35,63,58,32,47,27,42,32,54,51
2020-07-26,52,16,50,44,58,37,70,45,68,40
2020-07-27,66,87,50,32,37,80,68,57,100,64
2020-07-28,20,58,49,47,48,47,66,51,81,32
2020-07-29,42,61,60,41,16,56,44,47,86,50
2020-07-30,73,41,46,67,70,48,58,48,53,54
2020-07-31,61,38,47,73,23,57,53,26,93,48
2020-08-01,66,41,53,64,28,56,65,58,92,49
2020-08-02,48,34,30,29,63,67,48,51,72,53
2020-08-03,56,46,51,26,28,50,28,18,72,34
2020-08-04,25,34,25,45,28,41,18,39,78,17
2020-08-05,99,50,45,70,63,44,56,32,59,59
2020-08-06,102,83,70,48,54,76,49,54,64,33
2020-08-07,67,51,56,37,46,61,41,42,65,46
2020-08-08,41,41,13,34,32,18,25,34,30,29
2020-08-09,52,67,75,80,53,58,55,53,69,39
2020-08-10,102,49,42,92,49,86,62,48,79,55
2020-08-11,95,68,59,51,72,66,47,74,84,81
2020-08-12,57,56,30,33,55,47,61,55,99,25
2020-08-13,59,23,39,41,43,33,34,22,59,30
2020-08-14,59,34,63,59,37,36,72,50,83,49
2020-08-15,73,67,56,39,58,47,37,38,103,68
2020-08-16,105,50,41,112,75,56,60,86,115,51
2020-08-17,90,38,56,87,41,71,65,54,132,44
2020-08-18,96,66,65,47,48,58,46,26,28,35
2020-08-19,56,27,32,48,40,38,41,26,25,24
2020-08-20,55,59,61,63,64,56,56,85,94,53
2020-08-21,49,57,48,44,50,32,65,41,55,52
2020-08-22,83,46,47,46,21,53,42,64,111,34
2020-08-23,91,74,78,46,42,52,54,64,103,54
2020-08-24,79,29,46,31,68,54,37,37,75,44
2020-08-25,85,44,26,67,69,48,52,56,74,64
2020-08-26,52,45,29,51,24,43,63,38,108,55
2020-08-27,106,75,61,85,48,79,62,74,90,121
2020-08-28,76,46,45,40,76,40,52,19,56,31
2020-08-29,25,46,33,26,23,41,39,23,54,19
2020-08-30,91,28,39,19,55,30,46,45,70,58
2020-08-31,49,13,57,27,64,39,14,54,63,39
2020-09-01,87,45,60,84,55,58,72,41,90,48
2020-09-02,85,36,33,22,41,45,47,20,39,33
2020-09-03,86,55,22,46,66,60,55,64,57,49
2020-09-04,60,58,49,43,48,66,38,39,71,29
2020-09-05,101,61,41,14,27,64,53,47,61,35
2020-09-06,108,73,61,72,67,67,63,64,90,63
2020-09-07,76,55,60,35,41,33,61,52,82,42
2020-09-08,111,70,53,59,33,76,50,70,124,46
2020-09-09,39,59,64,72,42,44,40,51,22,33
2020-09-10,29,32,6,20,8,28,16,21,25,5
2020-09-11,48,40,28,27,42,37,19,14,47,50
2020-09-12,60,13,39,39,50,39,39,27,52,28
2020-09-13,59,89,64,53,36,66,85,83,103,71
2020-09-14,37,39,40,38,57,61,41,45,65,51
2020-09-15,47,18,45,45,44,76,52,65,64,61
2020-09-16,38,32,44,34,35,45,42,42,71,50
2020-09-17,84,65,65,65,72,69,63,89,104,62
2020-09-18,107,78,60,67,84,72,57,59,107,78
2020-09-19,88,81,60,43,74,48,45,53,61,51
2020-09-20,94,95,57,70,43,57,43,56,68,72
2020-09-21,89,47,39,44,56,57,22,50,82,60
2020-09-22,61,31,33,24,43,29,32,40,82,41
2020-09-23,77,65,48,54,48,57,68,51,92,49
2020-09-24,65,58,28,55,48,57,32,34,108,54
2020-09-25,83,48,37,62,45,37,39,36,77,56
2020-09-26,120,75,35,53,73,53,76,48,118,75
2020-09-27,32,19,43,27,32,30,32,26,33,38
2020-09-28,85,61,61,43,50,65,39,67,78,59
2020-09-29,72,62,87,49,67,53,29,75,70,43
2020-09-30,130,54,65,76,102,66,58,55,112,62
2020-10-01,154,71,47,51,30,24,81,53,80,63
2020-10-02,98,60,51,72,77,54,68,40,69,68
2020-10-03,102,60,51,58,79,62,68,67,92,73
2020-10-04,40,40,33,40,32,27,58,19,33,29
2020-10-05,128,87,93,105,71,109,99,94,81,97
2020-10-06,82,47,67,59,51,51,36,65,35,38
2020-10-07,58,51,19,30,47,20,52,47,47,48
2020-10-08,96,36,25,25,39,35,52,18,48,35
2020-10-09,118,57,42,57,65,75,58,68,70,80
2020-10-10,98,42,86,72,51,52,54,44,49,107
2020-10-11,38,27,,50,27,33,25,39,31,38
2020-10-12,88,37,37,44,48,73,59,64,51,51
2020-10-13,130,45,46,67,83,57,56,53,76,65
2020-10-14,112,30,49,65,50,74,46,72,47,51
2020-10-15,128,38,44,65,68,99,57,39,105,87
2020-10-16,82,38,32,32,31,40,46,64,36,36
2020-10-17,82,27,20,38,19,31,41,30,67,25
2020-10-18,86,39,60,74,67,38,56,67,54,31
2020-10-19,224,98,99,55,81,59,38,96,59,80
2020-10-20,162,63,93,84,70,56,43,50,44,55
2020-10-21,16,19,29,32,26,32,33,27,8,6
2020-10-22,84,76,83,67,45,57,61,62,96,73
2020-10-23,104,66,66,42,22,69,30,56,90,62
2020-10-24,92,56,94,75,67,48,68,52,54,59
2020-10-25,106,57,65,64,68,51,63,36,42,78
2020-10-26,148,67,51,68,64,64,41,64,80,58
2020-10-27,38,25,37,20,45,39,40,39,61,49
2020-10-28,82,36,52,61,61,37,72,25,79,58
2020-10-29,108,48,67,52,79,79,63,55,60,30
2020-10-30,108,61,56,39,62,30,35,42,38,73
2020-10-31,82,36,37,28,35,57,54,54,50,22
2020-11-01,64,46,49,34,29,91,17,46,63,79
2020-11-02,65,33,31,20,30,75,27,25,17,24
2020-11-03,70,72,55,102,45,105,95,64,18,90
2020-11-04,49,36,51,58,46,112,42,47,26,79
2020-11-05,72,73,53,44,69,158,24,44,73,47
2020-11-06,102,53,86,58,51,102,63,71,50,93
2020-11-07,55,35,52,32,74,140,31,69,80,69
2020-11-08,84,36,48,22,60,93,23,46,29,15
2020-11-09,104,58,59,65,64,98,85,77,77,54
2020-11-10,82,67,48,65,65,165,55,68,80,90
2020-11-11,81,47,36,47,56,87,6,43,58,60
2020-11-12,67,19,47,44,59,142,46,42,52,46
2020-11-13,102,74,55,54,63,100,53,72,64,68
2020-11-14,62,38,43,66,49,77,39,38,55,60
2020-11-15,93,58,61,60,97,95,62,71,68,66
2020-11-16,113,77,54,67,85,110,66,29,52,58
2020-11-17,59,57,62,61,46,104,30,72,58,58
2020-11-18,72,43,48,60,69,138,58,42,54,79
2020-11-19,126,42,34,44,54,127,39,65,54,64
2020-11-20,29,25,37,32,30,84,27,42,58,65
2020-11-21,129,40,81,71,62,174,70,75,62,78
2020-11-22,123,65,58,24,49,163,53,36,74,34
2020-11-23,97,83,34,33,34,97,49,72,55,71
2020-11-24,69,56,60,25,67,113,27,43,61,79
2020-11-25,51,75,61,41,60,114,33,26,39,67
2020-11-26,49,63,65,36,30,130,44,58,61,84
2020-11-27,85,46,45,63,53,86,73,60,45,35
2020-11-28,64,50,50,43,68,65,40,58,45,47
2020-11-29,149,51,62,60,62,106,74,72,76,55
2020-11-30,66,28,47,83,50,82,66,38,69,75
2020-12-01,107,60,40,34,52,232,45,70,42,49
2020-12-02,59,30,48,59,53,168,49,53,36,40
2020-12-03,121,36,40,33,26,120,49,37,53,40
2020-12-04,97,37,38,45,25,160,57,46,38,48
2020-12-05,57,33,58,36,41,84,29,47,30,48
2020-12-06,85,38,72,33,46,172,58,34,55,90
2020-12-07,66,57,75,35,58,316,60,95,71,89
2020-12-08,68,28,54,66,47,308,59,72,65,75
2020-12-09,94,71,39,61,54,224,56,39,47,106
2020-12-10,117,29,48,57,55,220,60,63,46,65
2020-12-11,76,39,37,45,19,152,41,34,48,36
2020-12-12,130,57,68,60,100,348,108,73,66,33
2020-12-13,81,41,30,60,68,144,76,39,19,81
2020-12-14,43,26,30,56,46,160,50,39,55,35
2020-12-15,81,33,31,60,47,116,28,66,63,30
2020-12-16,48,46,60,67,62,188,55,21,27,60
2020-12-17,65,55,70,62,97,188,53,85,79,36
2020-12-18,41,19,46,69,69,148,39,54,60,67
2020-12-19,92,41,34,78,110,268,67,81,84,78
2020-12-20,103,64,61,79,76,164,62,80,58,58
2020-12-21,131,47,75,50,36,280,60,74,23,51
2020-12-22,78,53,20,42,89,92,26,84,30,84
2020-12-23,99,46,70,71,60,124,54,74,32,41
2020-12-24,111,49,61,60,83,228,50,94,32,55
2020-12-25,118,54,107,109,94,316,66,86,67,93
2020-12-26,122,61,57,97,89,220,98,103,94,96
2020-12-27,69,57,53,52,54,196,69,63,36,92
2020-12-28,70,66,21,77,66,196,35,55,37,82
2020-12-29,81,30,48,19,64,108,48,56,26,47
2020-12-30,107,83,75,59,94,284,74,43,61,61
2020-12-31,162,66,89,79,95,356,102,84,56,85
2021-01-01,100,68,64,50,66,94,63,29,68,40
2021-01-02,70,49,48,64,47,44,78,69,44,43
2021-01-03,49,43,57,35,22,104,12,31,40,67
2021-01-04,55,87,48,85,71,156,79,72,60,57
2021-01-05,86,33,61,27,58,120,68,55,41,58
2021-01-06,47,30,68,48,36,98,14,48,43,45
2021-01-07,80,34,58,53,33,76,62,55,17,32
2021-01-08,64,94,51,57,75,172,49,74,67,82
2021-01-09,121,62,53,48,79,98,64,52,65,40
2021-01-10,71,60,53,52,63,102,79,59,41,64
2021-01-11,76,59,33,63,61,82,37,75,47,63
2021-01-12,93,78,79,75,78,160,68,93,61,82
2021-01-13,83,70,64,106,62,166,81,65,67,109
2021-01-14,104,35,33,79,54,112,50,51,39,69
2021-01-15,125,50,65,65,54,124,63,76,78,77
2021-01-16,95,20,40,34,41,102,48,48,29,46
2021-01-17,72,40,94,64,92,182,81,44,88,89
2021-01-18,58,40,50,45,48,118,58,32,21,39
2021-01-19,17,35,36,39,13,62,26,32,44,23
2021-01-20,65,72,62,50,46,122,51,77,54,100
2021-01-21,47,47,23,47,39,30,33,40,25,39
2021-01-22,79,44,61,39,40,126,80,56,60,39
2021-01-23,60,46,38,51,44,86,52,50,49,51
2021-01-24,174,69,63,107,101,132,64,83,45,99
2021-01-25,78,53,33,64,33,86,60,54,68,52
2021-01-26,66,38,40,48,50,94,35,44,60,79
2021-01-27,52,69,47,82,84,100,46,68,73,41
2021-01-28,67,42,57,50,54,100,57,35,45,69
2021-01-29,93,73,70,78,63,166,53,48,65,81
2021-01-30,60,41,65,72,99,138,66,56,70,90
2021-01-31,103,75,65,44,50,136,79,40,67,73
2021-02-01,23,51,33,20,63,49,47,35,39,39
2021-02-02,6,33,44,18,40,21,27,64,47,42
2021-02-03,57,46,88,78,47,50,24,59,61,34
2021-02-04,53,32,51,19,35,31,32,44,31,47
2021-02-05,39,31,43,41,51,46,42,29,41,34
2021-02-06,73,64,55,56,23,50,43,42,59,101
2021-02-07,38,40,65,61,51,41,44,28,50,50
2021-02-08,81,72,69,50,81,70,58,20,70,66
2021-02-09,44,48,37,45,49,48,35,51,30,28
2021-02-10,90,109,89,47,93,49,64,112,100,81
2021-02-11,58,49,29,43,35,45,52,65,39,47
2021-02-12,59,61,47,31,35,42,23,49,29,39
2021-02-13,51,65,57,35,60,66,50,53,66,33
2021-02-14,69,52,26,28,58,31,50,53,48,71
2021-02-15,85,87,102,77,75,80,55,41,65,54
2021-02-16,89,79,66,76,54,45,59,70,68,68
2021-02-17,76,71,33,63,52,52,63,31,49,35
2021-02-18,79,54,53,26,53,44,39,68,61,59
2021-02-19,73,75,63,72,77,60,72,51,72,80
2021-02-20,100,62,88,85,61,70,73,64,83,52
2021-02-21,107,99,73,71,90,81,144,85,67,88
2021-02-22,91,44,77,64,37,50,64,56,69,72
2021-02-23,80,75,55,51,18,40,52,65,40,56
2021-02-24,61,49,28,50,55,73,42,64,55,40
2021-02-25,21,19,36,26,47,31,59,27,12,32
2021-02-26,87,53,59,50,64,41,29,54,74,38
2021-02-27,103,86,58,73,66,67,85,43,81,89
2021-02-28,33,49,65,58,50,44,53,59,45,47
2021-03-01,80,80,82,44,51,66,47,84,37,74
2021-03-02,52,56,73,43,41,72,76,46,45,51
2021-03-03,34,72,61,81,57,44,65,73,63,56
2021-03-04,59,25,33,22,47,56,33,36,58,28
2021-03-05,82,107,68,82,55,88,92,60,53,86
2021-03-06,51,60,55,38,63,38,59,33,29,40
2021-03-07,28,63,73,36,44,37,52,61,46,26
2021-03-08,26,105,47,51,46,65,72,51,40,60
2021-03-09,60,82,70,38,51,65,70,50,55,54
2021-03-10,52,76,43,77,47,32,68,59,51,40
2021-03-11,53,46,57,58,36,52,33,19,72,56
2021-03-12,62,65,37,53,49,28,59,51,56,43
2021-03-13,30,49,61,32,41,23,50,57,57,24
2021-03-14,60,28,72,54,61,79,50,46,53,61
2021-03-15,50,40,31,59,45,87,24,47,43,52
2021-03-16,64,37,60,71,56,64,64,30,54,55
2021-03-17,55,60,35,38,49,55,47,46,36,54
2021-03-18,51,32,34,56,28,25,42,42,47,30
2021-03-19,61,52,45,40,39,66,57,60,50,57
2021-03-20,20,37,48,56,33,38,48,36,48,75
2021-03-21,64,88,56,47,46,40,75,52,59,48
2021-03-22,48,64,65,54,56,96,89,49,68,57
2021-03-23,67,68,58,96,41,93,72,69,33,80
2021-03-24,22,40,30,20,17,11,30,41,22,22
2021-03-25,34,39,28,15,15,33,8,18,42,38
2021-03-26,78,72,86,88,62,47,53,78,37,91
2021-03-27,33,42,58,54,58,19,46,61,38,50
2021-03-28,32,55,49,59,40,24,62,48,47,70
2021-03-29,53,56,72,33,59,44,48,72,58,49
2021-03-30,42,30,56,53,49,43,46,44,57,28
2021-03-31,34,28,34,49,34,29,22,30,11,14
2021-04-01,57,51,94,94,91,49,57,116,41,80
2021-04-02,60,75,64,83,70,70,62,53,89,66
2021-04-03,62,51,66,46,40,51,63,81,38,34
2021-04-04,43,85,97,48,68,61,70,90,34,59
2021-04-05,51,69,53,54,60,45,56,63,49,59
2021-04-06,72,42,85,90,88,74,99,56,74,56
2021-04-07,27,45,52,43,21,62,68,67,50,24
2021-04-08,84,75,65,71,49,30,26,46,35,59
2021-04-09,23,11,34,36,32,27,33,48,13,35
2021-04-10,24,14,50,34,37,60,23,40,19,10
2021-04-11,54,73,70,21,62,62,57,37,54,62
2021-04-12,41,38,45,69,52,49,36,66,38,32
2021-04-13,29,50,72,85,64,61,65,68,54,57
2021-04-14,36,41,56,58,42,61,51,91,77,76
2021-04-15,28,34,57,71,41,37,50,66,68,64
2021-04-16,61,60,79,71,65,83,46,65,69,56
2021-04-17,59,64,72,28,65,74,42,94,98,94
2021-04-18,37,51,65,113,44,38,47,83,62,57
2021-04-19,35,37,30,20,22,25,24,29,26,34
2021-04-20,43,61,45,68,42,35,27,66,53,34
2021-04-21,69,101,105,92,60,65,89,98,55,86
2021-04-22,50,70,78,45,61,61,32,51,53,45
2021-04-23,44,37,54,32,52,54,37,33,33,35
2021-04-24,39,41,62,46,39,40,25,64,41,42
2021-04-25,35,53,53,73,43,49,33,62,45,60
2021-04-26,57,43,59,41,61,71,98,40,47,81
2021-04-27,53,48,60,53,31,70,48,73,61,49
2021-04-28,56,47,85,45,83,59,53,33,28,53
2021-04-29,38,11,41,62,25,32,31,26,52,47
2021-04-30,59,56,94,88,66,80,58,91,66,39
2021-05-01,77,51,16,82,40,61,47,46,69,59
2021-05-02,34,43,33,24,58,18,24,29,49,6
2021-05-03,32,72,53,40,47,66,48,39,35,43
2021-05-04,78,59,74,60,42,90,59,72,63,60
2021-05-05,59,52,44,44,44,46,47,38,22,15
2021-05-06,47,31,43,64,36,22,59,49,61,70
2021-05-07,49,33,19,43,21,20,35,32,27,40
2021-05-08,72,58,34,64,31,57,66,59,82,59
2021-05-09,46,31,73,37,51,53,69,48,16,72
2021-05-10,56,37,64,50,35,55,58,44,54,71
2021-05-11,97,19,84,77,74,69,61,87,63,36
2021-05-12,60,63,47,57,56,83,53,32,59,65
2021-05-13,45,50,58,47,42,29,58,63,28,29
2021-05-14,28,32,44,36,45,52,65,37,52,49
2021-05-15,64,72,60,89,59,83,64,82,91,89
2021-05-16,31,43,38,38,46,23,38,27,64,51
2021-05-17,75,92,49,74,60,53,48,58,81,76
2021-05-18,62,47,51,42,55,44,48,54,39,40
2021-05-19,62,93,59,65,76,46,60,77,88,59
2021-05-20,40,53,49,35,77,58,48,64,47,50
2021-05-21,59,62,48,62,40,76,52,33,71,51
2021-05-22,42,30,18,28,35,38,42,29,14,33
2021-05-23,16,27,36,60,36,41,29,43,64,30
2021-05-24,11,35,49,40,30,55,47,46,51,25
2021-05-25,67,67,37,54,53,33,47,48,66,49
2021-05-26,54,33,42,35,73,16,67,60,73,31
2021-05-27,91,73,63,78,60,79,72,57,102,82
2021-05-28,19,61,64,46,58,52,64,53,70,31
2021-05-29,49,24,32,40,44,48,63,37,28,43
2021-05-30,42,52,47,34,46,41,67,46,68,48
2021-05-31,83,35,36,52,58,52,58,32,61,47
2021-06-01,50,60,79,51,53,65,65,65,77,54
2021-06-02,27,27,27,61,16,53,48,53,24,46
2021-06-03,18,35,26,51,34,32,36,45,40,43
2021-06-04,47,74,36,41,59,78,67,45,74,67
2021-06-05,49,49,75,71,59,50,51,94,81,71
2021-06-06,65,70,51,81,74,58,77,81,110,59
2021-06-07,88,67,107,102,46,100,52,101,78,61
2021-06-08,43,77,54,29,88,72,40,51,55,53
2021-06-09,97,64,88,93,53,85,37,67,75,73
2021-06-10,58,32,54,73,55,40,52,64,70,78
2021-06-11,59,25,35,28,63,45,44,43,58,61
2021-06-12,41,20,53,59,20,29,27,63,43,21
2021-06-13,66,53,48,52,63,54,71,51,86,46
2021-06-14,76,56,66,46,64,80,58,49,51,76
2021-06-15,46,26,21,25,26,32,30,19,61,39
2021-06-16,52,57,56,89,66,57,44,66,92,57
2021-06-17,51,61,46,74,37,67,43,69,71,55
2021-06-18,27,16,28,34,25,49,18,14,44,35
2021-06-19,58,79,70,45,51,67,47,90,82,71
2021-06-20,51,40,63,57,48,76,64,67,79,47
2021-06-21,51,48,46,30,39,61,23,44,61,40
2021-06-22,92,82,53,44,73,58,77,49,64,64
2021-06-23,62,37,66,44,63,38,69,52,53,83
2021-06-24,68,33,86,38,69,62,44,59,54,41
2021-06-25,59,49,30,31,44,62,47,80,57,53
2021-06-26,30,34,34,46,34,48,27,34,48,37
2021-06-27,63,45,24,57,41,72,33,33,22,30
2021-06-28,45,47,40,65,57,60,30,67,50,62
2021-06-29,54,61,20,41,41,22,12,27,52,46
2021-06-30,46,91,51,74,77,72,62,76,84,65
2021-07-01,63,43,54,50,33,52,31,34,88,49
2021-07-02,82,59,91,66,64,42,24,73,134,54
2021-07-03,45,33,43,47,31,51,43,36,67,46
2021-07-04,56,60,46,25,58,37,44,29,78,48
2021-07-05,45,48,85,67,63,59,77,57,71,35
2021-07-06,36,70,48,56,50,53,56,42,34,37
2021-07-07,42,60,28,46,55,58,29,38,61,19
2021-07-08,53,49,46,18,40,52,49,54,58,48
2021-07-09,58,43,60,64,78,57,77,51,87,69
2021-07-10,46,22,44,43,35,37,39,49,77,51
2021-07-11,25,48,21,20,46,57,36,34,45,55
2021-07-12,61,39,61,64,42,56,70,71,80,61
2021-07-13,45,50,48,48,53,69,51,63,60,32
2021-07-14,29,68,48,34,56,49,50,60,53,40
2021-07-15,36,76,38,47,52,51,65,37,45,62
2021-07-16,41,56,40,50,45,25,39,49,82,51
2021-07-17,76,59,51,53,62,69,47,76,88,43
2021-07-18,76,55,58,66,54,82,73,54,75,47
2021-07-19,24,36,36,67,27,20,38,38,49,41
2021-07-20,39,58,45,55,50,44,61,69,74,75
2021-07-21,37,48,21,24,26,13,38,17,46,38
2021-07-22,62,30,71,54,53,57,60,31,77,59
2021-07-23,50,74,67,82,51,43,58,59,116,81
2021-07-24,38,36,41,63,44,40,13,6,64,61
2021-07-25,53,71,68,79,71,59,65,36,93,65
2021-07-26,26,33,14,39,17,23,40,48,49,20
2021-07-27,61,59,67,48,44,54,55,46,85,50
2021-07-28,75,37,40,41,61,64,74,78,103,57
2021-07-29,69,53,37,63,60,67,52,35,66,87
2021-07-30,75,25,49,46,61,90,49,54,96,49
2021-07-31,72,59,71,63,62,72,93,52,62,78
2021-08-01,66,24,38,41,69,76,51,61,133,65
2021-08-02,62,27,34,25,55,62,49,29,127,49
2021-08-03,110,95,77,55,86,61,94,91,98,76
2021-08-04,61,20,24,50,43,44,28,46,68,11
2021-08-05,63,63,40,46,53,87,72,66,95,64
2021-08-06,69,24,18,46,26,24,51,11,52,49
2021-08-07,64,67,36,42,62,58,63,60,101,34
2021-08-08,70,18,30,27,19,48,38,29,41,48
2021-08-09,96,105,72,42,75,65,75,75,133,74
2021-08-10,62,37,48,66,24,25,69,42,78,29
2021-08-11,89,56,58,66,63,57,50,44,66,76
2021-08-12,78,66,43,61,69,25,47,30,65,20
2021-08-13,53,27,25,43,22,39,34,63,61,25
2021-08-14,39,35,40,62,65,48,41,42,25,33
2021-08-15,91,81,43,65,73,63,87,67,108,36
2021-08-16,59,34,29,36,31,28,20,29,66,21
2021-08-17,61,54,49,44,76,64,46,64,100,60
2021-08-18,92,62,89,65,89,70,67,70,100,77
2021-08-19,83,51,66,59,59,59,55,52,105,38
2021-08-20,143,86,54,100,93,98,131,55,172,54
2021-08-21,84,39,35,57,41,55,32,38,37,40
2021-08-22,66,50,43,45,39,56,36,67,74,41
2021-08-23,87,48,44,34,38,32,31,37,56,39
2021-08-24,108,21,53,70,70,55,67,53,55,36
2021-08-25,65,39,53,38,35,36,52,28,85,45
2021-08-26,103,35,83,91,71,56,64,71,61,96
2021-08-27,15,38,58,48,25,44,52,48,37,56
2021-08-28,26,50,49,31,35,25,38,42,54,31
2021-08-29,33,38,32,20,29,39,43,36,80,33
2021-08-30,74,84,87,89,96,54,102,69,114,85
2021-08-31,89,73,71,96,56,68,77,68,84,34
2021-09-01,112,35,47,64,64,47,61,64,61,63
2021-09-02,75,20,24,29,56,45,51,30,45,39
2021-09-03,134,72,85,58,58,51,94,52,130,56
2021-09-04,37,23,25,78,32,31,20,32,23,34
2021-09-05,126,42,45,64,48,30,51,65,47,34
2021-09-06,57,43,40,33,48,27,33,17,29,37
2021-09-07,45,37,29,55,49,35,38,40,40,41
2021-09-08,45,37,49,44,63,43,42,48,47,72
2021-09-09,79,33,78,17,44,62,26,64,72,38
2021-09-10,107,44,44,42,67,51,67,44,115,68
2021-09-11,108,47,44,73,51,65,44,73,103,74
2021-09-12,75,32,66,67,88,59,38,49,106,67
2021-09-13,21,5,7,5,8,7,13,,18,12
2021-09-14,55,32,31,36,54,43,38,55,26,30
2021-09-15,121,67,39,51,62,64,113,67,93,57
2021-09-16,88,45,33,45,66,25,28,58,84,41
2021-09-17,49,48,28,38,43,55,42,27,66,60
2021-09-18,72,45,41,80,56,52,65,67,94,57
2021-09-19,120,63,95,51,58,51,51,59,93,56
2021-09-20,114,64,77,51,75,57,79,83,102,104
2021-09-21,100,81,55,58,38,67,51,44,108,50
2021-09-22,34,47,30,60,49,62,31,43,67,45
2021-09-23,98,69,45,79,34,50,69,56,83,24
2021-09-24,63,27,31,34,54,57,65,89,68,48
2021-09-25,75,43,61,38,43,42,34,53,84,53
2021-09-26,49,27,32,57,44,33,61,33,85,41
2021-09-27,52,56,36,33,32,42,26,17,18,27
2021-09-28,46,35,36,21,20,32,27,29,28,45
2021-09-29,128,46,40,49,29,65,33,24,47,73
2021-09-30,71,38,30,36,43,47,14,18,82,48
