date,tavg,tmin,tmax,prcp,snow,wdir,wspd,wpgt,pres,tsun
2019-01-01,1.7,0.8,4,3.2,0,,,,,52
2019-01-02,-1.5,-5.6,1.4,0.4,0,,,,,59
2019-01-03,-4.9,-9.6,-1.1,0.5,10,,,,,200
2019-01-04,-2.5,-4.8,1.1,0,30,,,,,212
2019-01-05,-0.7,-2.5,0.7,1.7,30,,,,,0
2019-01-06,0,-0.7,0.5,0.1,40,,,,,0
2019-01-07,-0.7,-1.9,0.7,1,40,,,,,0
2019-01-08,0.4,-0.7,1.7,13.2,40,,,,,3
2019-01-09,-2.2,-4.1,-0.2,5.8,140,,,,,0
2019-01-10,-3.6,-6.6,-1.9,0.3,240,,,,,0
2019-01-11,-5.3,-9.5,-1.7,1.4,250,,,,,5
2019-01-12,-0.1,-1.6,1.4,9.6,250,,,,,1
2019-01-13,2.2,0.3,4.2,29.1,270,,,,,0
2019-01-14,0.9,-1.5,4.2,9.2,100,,,,,3
2019-01-15,-1.3,-5.2,3,0,160,,,,,211
2019-01-16,-2.1,-8.2,5.5,0,160,,,,,451
2019-01-17,2,-2.3,4.1,6.1,140,,,,,0
2019-01-18,-4.4,-9.3,-1.7,0,160,,,,,80
2019-01-19,-7.7,-10.8,-2.2,0,160,,,,,267
2019-01-20,-4.4,-10.8,0.4,0,160,,,,,26
2019-01-21,-2,-3.1,0,0,150,,,,,34
2019-01-22,-5.5,-10.9,-2.6,0,130,,,,,173
2019-01-23,-6.8,-12.9,-2.6,0.2,130,,,,,7
2019-01-24,-6.2,-7.6,-4.7,1,130,,,,,0
2019-01-25,-6.4,-10.9,-2.8,0.1,150,,,,,54
2019-01-26,0.8,-2.9,3.4,0.8,150,,,,,79
2019-01-27,1.5,-1.8,3,15.3,110,,,,,9
2019-01-28,-1.9,-2.6,-1.2,3.6,230,,,,,0
2019-01-29,-4.2,-10.2,0.9,0.3,300,,,,,288
2019-01-30,-4,-9.8,-1.2,3.1,300,,,,,3
2019-01-31,-5.2,-10.8,-1.4,3.3,320,,,,,176
2019-02-01,-1.1,-3.3,1,6.9,290,,,,,0
2019-02-02,1.4,-0.5,6.3,0.6,280,,,,,373
2019-02-03,-1.3,-4.4,1.1,2.8,270,,,,,0
2019-02-04,-5.6,-11.4,-1.2,0,310,,,,,494
2019-02-05,-5.1,-10.6,3.3,0,310,,,,,536
2019-02-06,-3.6,-9.9,6.4,0,310,,,,,540
2019-02-07,-0.9,-9.3,5.1,2.7,310,,,,,6
2019-02-08,1.7,-2.3,5.6,2,210,,,,,378
2019-02-09,5.1,3.3,7.1,0.4,180,,,,,75
2019-02-10,4.6,0.3,9.9,25.9,170,,,,,60
2019-02-11,-0.3,-1.5,1.9,3.1,140,,,,,145
2019-02-12,-1.5,-6.8,1.4,0,170,,,,,166
2019-02-13,-2,-8.2,8.2,0,170,,,,,560
2019-02-14,0.9,-5.3,10.8,0,160,,,,,561
2019-02-15,1.9,-3.8,11.3,0,150,,,,,572
2019-02-16,2.6,-4.8,13.3,0,130,,,,,574
2019-02-17,3.2,-3,15.8,0,110,,,,,578
2019-02-18,3.3,-3,12.1,0,100,,,,,582
2019-02-19,3.3,-3,9.6,0,90,,,,,417
2019-02-20,2,-2.7,8.8,0,80,,,,,227
2019-02-21,4.3,-1.8,12.6,0,80,,,,,565
2019-02-22,4.2,-0.3,8.3,0,0,,,,,24
2019-02-23,2.7,-0.8,8,0,0,,,,,518
2019-02-24,3,-3.4,11.8,0,0,,,,,598
2019-02-25,4.2,-2.4,12.6,0,0,,,,,601
2019-02-26,4.8,-1,14,0,0,,,,,573
2019-02-27,6,-0.8,16.3,0,0,,,,,607
2019-02-28,7.5,0.8,14.2,9.4,0,,,,,600
2019-03-01,3.8,2,5.9,13.3,0,,,,,28
2019-03-02,3.9,1.5,7,0.1,0,,,,,98
2019-03-03,7,4.5,10.2,0,0,,,,,244
2019-03-04,4.5,0.5,12.9,20.8,0,,,,,65
2019-03-05,3.1,0.5,5.4,0.1,0,,,,,309
2019-03-06,4.2,-2.6,11.7,3.8,0,,,,,292
2019-03-07,4.1,1.8,7.8,12.1,0,,,,,103
2019-03-08,4.1,1.7,7.1,0.5,0,,,,,286
2019-03-09,5.7,3.4,8.1,8,0,,,,,35
2019-03-10,6.8,2.2,9.2,26.1,0,,,,,34
2019-03-11,0.2,-2.8,2.3,5.1,0,,,,,165
2019-03-12,1.9,-4.9,9.3,2.1,30,,,,,419
2019-03-13,1.8,-0.1,4.7,6,0,,,,,221
2019-03-14,1.4,0.2,3.3,31.5,20,,,,,0
2019-03-15,5.4,1.2,8,9.1,0,,,,,0
2019-03-16,8.5,5.7,12.7,0,0,,,,,465
2019-03-17,7,-0.8,12.4,5.2,0,,,,,334
2019-03-18,0.3,-3.1,4.5,0.7,20,,,,,281
2019-03-19,-0.3,-4.9,5.7,0,0,,,,,208
2019-03-20,0.8,-5,7.4,0,0,,,,,694
2019-03-21,3.1,-3.9,11.1,0,0,,,,,700
2019-03-22,5.3,-2.7,14.5,0,0,,,,,708
2019-03-23,7.1,-1.1,16.8,0,0,,,,,706
2019-03-24,6.8,-0.5,15.2,0,0,,,,,674
2019-03-25,2.6,-0.9,5.7,3.8,0,,,,,333
2019-03-26,0.8,-1.9,4.7,0,40,,,,,166
2019-03-27,0.7,-3.7,5.8,0,0,,,,,105
2019-03-28,3.9,-3.5,11.1,0,0,,,,,677
2019-03-29,6.6,0.7,13.8,0,0,,,,,713
2019-03-30,7,-1.3,16.3,0,0,,,,,713
2019-03-31,7.5,-0.6,15.8,0,0,,,,,673
2019-04-01,7.1,0.1,14.6,0,0,,,,,666
2019-04-02,9.3,0.7,17.2,8.5,0,,,,,580
2019-04-03,4.5,0.5,10.4,6,0,,,,,68
2019-04-04,0.3,-0.7,1.6,8.5,20,,,,,0
2019-04-05,0.6,-2,3.9,0,40,,,,,6
2019-04-06,4.1,-3.1,11.7,0,0,,,,,488
2019-04-07,5.5,1.3,9.5,0,0,,,,,39
2019-04-08,6.5,2.9,9.3,1.8,0,,,,,22
2019-04-09,5.9,4.2,8.6,4.3,0,,,,,36
2019-04-10,4.9,2.6,6.9,6.9,0,,,,,0
2019-04-11,4.3,-0.6,7.7,0.1,0,,,,,49
2019-04-12,2.2,-3,7.6,0,0,,,,,204
2019-04-13,1.3,-1.1,4.1,1.4,0,,,,,51
2019-04-14,0.3,-1.5,2.2,1.9,30,,,,,0
2019-04-15,4,-2.3,11.4,0,0,,,,,595
2019-04-16,6.6,-1.1,13.3,2.2,0,,,,,289
2019-04-17,8.6,2.9,14.2,0,0,,,,,431
2019-04-18,9.1,0.1,18.2,0,0,,,,,727
2019-04-19,10.2,1.9,18.8,0,0,,,,,695
2019-04-20,11.2,2.6,19.5,0,0,,,,,798
2019-04-21,11.5,3.7,19,0,0,,,,,563
2019-04-22,12.2,2.8,19.5,0,0,,,,,634
2019-04-23,12.3,5,19.7,0,0,,,,,522
2019-04-24,10.7,2,20.9,0,0,,,,,504
2019-04-25,10.7,0.3,20.2,5,0,,,,,734
2019-04-26,4.9,1.5,7.6,2.6,0,,,,,8
2019-04-27,4.4,-0.4,8.9,8,0,,,,,81
2019-04-28,3.1,-0.4,7.9,0,0,,,,,372
2019-04-29,4.3,-1.1,7.4,0,0,,,,,118
2019-04-30,6.6,1.9,11.7,0,0,,,,,85
2019-05-01,7.8,-1,15.3,0,0,,,,,735
2019-05-02,8.6,2.1,15.6,5.8,0,,,,,382
2019-05-03,6.2,3.8,10.1,6.1,0,,,,,94
2019-05-04,2.5,-0.7,9.1,3.5,0,,,,,202
2019-05-05,0.5,-2.2,4.1,0,20,,,,,78
2019-05-06,1.8,-2.8,6.3,0.2,0,,,,,69
2019-05-07,5,-2.5,11.9,0.8,0,,,,,561
2019-05-08,6.6,4.3,9.1,19,0,,,,,0
2019-05-09,7.2,4.3,10.8,10.2,0,,,,,259
2019-05-10,8.4,4.4,12.9,3.3,0,,,,,169
2019-05-11,8.5,2.9,12.9,5.9,0,,,,,264
2019-05-12,5.5,1.4,10.1,0,0,,,,,396
2019-05-13,6.4,1.3,10.8,0,0,,,,,486
2019-05-14,5.6,-0.5,10.1,0,0,,,,,626
2019-05-15,4.8,0.4,8,0,0,,,,,325
2019-05-16,4.9,-2.5,9.6,0,0,,,,,246
2019-05-17,8.6,-0.3,16.4,0.8,0,,,,,426
2019-05-18,10.6,5.7,16.2,10.3,0,,,,,241
2019-05-19,10.2,7.5,15.3,28.3,0,,,,,119
2019-05-20,9.8,8.4,13.1,19.2,0,,,,,0
2019-05-21,9,7.9,11.1,1.8,0,,,,,0
2019-05-22,10.3,3.2,15.5,0,0,,,,,779
2019-05-23,10.7,2,18.7,0,0,,,,,872
2019-05-24,12.3,4.5,18.6,0,0,,,,,626
2019-05-25,10.9,6.6,17,8,0,,,,,122
2019-05-26,11.6,5,17.1,0,0,,,,,401
2019-05-27,11.8,6.2,16.6,1.3,0,,,,,268
2019-05-28,9.2,4.8,12.8,1.5,0,,,,,81
2019-05-29,7.9,3.6,13.2,3.8,0,,,,,97
2019-05-30,10.1,2.2,16.1,0,0,,,,,381
2019-05-31,13.1,6.9,19.8,0,0,,,,,196
2019-06-01,15.8,6.9,23.6,0,,,,,,853
2019-06-02,18.4,8.1,27.1,0,,,,,,901
2019-06-03,18.5,11.3,27.3,0,,,,,,675
2019-06-04,19.2,10.4,27.1,0,,,,,,821
2019-06-05,21,13.1,26.5,0,,,,,,672
2019-06-06,9.8,6.8,13.2,0.3,,,,,,0
2019-06-07,13,4.5,24.3,3.9,,,,,,606
2019-06-08,12.6,5.4,19,0,,,,,,791
2019-06-09,11.2,4.4,17.3,3.9,,,,,,277
2019-06-10,12.7,10.1,16.7,32.9,,,,,,32
2019-06-11,11.5,9.3,13.8,1.4,,,,,,85
2019-06-12,13,8.8,17.7,1.8,,,,,,498
2019-06-13,15,7.8,21.5,0,,,,,,677
2019-06-14,16.6,6.6,22.9,0,,,,,,555
2019-06-15,15.6,12,20.6,17.2,,,,,,332
2019-06-16,13.6,9,18.7,0,,,,,,312
2019-06-17,15.7,7.4,22.7,0,,,,,,816
2019-06-18,18.5,10,26.7,0,,,,,,650
2019-06-19,19.9,10.4,27.5,4.1,,,,,,813
2019-06-20,15.9,11.2,21.5,0.2,,,,,,219
2019-06-21,14.7,10.2,19.2,9.6,,,,,,326
2019-06-22,14.7,12.4,17.5,2,,,,,,53
2019-06-23,16.6,12.6,22.2,0,,,,,,418
2019-06-24,19.7,10.8,27.7,0,,,,,,855
2019-06-25,22.9,13.5,31.4,0,,,,,,852
2019-06-26,25.1,15.3,33.8,0,,,,,,864
2019-06-27,24.5,15.3,31.7,0,,,,,,736
2019-06-28,21,13.2,27.9,0,,,,,,920
2019-06-29,20.8,11.1,28.9,0,,,,,,919
2019-06-30,24.1,13.5,32.8,0,,,,,,902
2019-07-01,24.3,17.8,30.7,0,,,,,,743
2019-07-02,19.3,14.1,23.9,0,,,,,,421
2019-07-03,17.6,10.8,23.6,0,,,,,,522
2019-07-04,17.7,9.2,25.8,0,,,,,,840
2019-07-05,19.5,11.2,26.4,0,,,,,,894
2019-07-06,19.3,10.2,28.3,2.7,,,,,,578
2019-07-07,17.6,13.1,22.4,0.1,,,,,,549
2019-07-08,14.2,10.5,17.3,0.6,,,,,,41
2019-07-09,13.4,7.9,19.6,0,,,,,,499
2019-07-10,13.7,6.1,20.6,0,,,,,,894
2019-07-11,14.2,8.6,19.7,2.5,,,,,,200
2019-07-12,13.9,10.3,20.2,14.5,,,,,,161
2019-07-13,13.7,8.5,18.6,0,,,,,,699
2019-07-14,12.4,6.6,18.5,0.6,,,,,,300
2019-07-15,13.6,9.6,19.3,0,,,,,,229
2019-07-16,15.6,7,23.1,0,,,,,,745
2019-07-17,17,8.6,23.8,0,,,,,,802
2019-07-18,17.7,10,24.4,0,,,,,,529
2019-07-19,18.6,12.5,24.8,0,,,,,,667
2019-07-20,20,10.7,28,1.3,,,,,,591
2019-07-21,19.9,13.7,25.9,0,,,,,,552
2019-07-22,20.1,12.2,27.9,0,,,,,,608
2019-07-23,21.7,12.3,30.2,0,,,,,,883
2019-07-24,24.1,14.5,32.8,0,,,,,,862
2019-07-25,24.7,14.7,32.7,0,,,,,,793
2019-07-26,23.2,17.1,32.1,0.5,,,,,,549
2019-07-27,18.1,14.8,24.4,16.2,,,,,,121
2019-07-28,15,13,17,1.3,,,,,,4
2019-07-29,16.8,11.1,21.8,0,,,,,,261
2019-07-30,18.9,13.5,24.7,2.9,,,,,,485
2019-07-31,15.3,8.9,20.4,0,,,,,,347
2019-08-01,16.4,7.8,24.4,0,,,,,,765
2019-08-02,16.8,9.9,23.4,0.3,,,,,,399
2019-08-03,16.3,10.5,22.1,0,,,,,,742
2019-08-04,17.3,8.8,24.1,0,,,,,,594
2019-08-05,20.6,13,27.5,16.6,,,,,,541
2019-08-06,18.4,14.6,24.3,3.3,,,,,,242
2019-08-07,15.4,11.3,17.9,12,,,,,,40
2019-08-08,16.5,9.5,24.8,0,,,,,,624
2019-08-09,21.3,11.2,29.7,12.5,,,,,,616
2019-08-10,17.7,11.2,22.3,1,,,,,,437
2019-08-11,15.9,9.8,25,9.2,,,,,,605
2019-08-12,13.3,8.4,18.3,3.2,,,,,,153
2019-08-13,11.7,6.5,16.6,0,,,,,,403
2019-08-14,11.9,5,18.5,0,,,,,,395
2019-08-15,12.4,6.8,18.7,6.5,,,,,,145
2019-08-16,14.4,8.2,20.8,0,,,,,,559
2019-08-17,15.7,9.3,20.5,0,,,,,,7
2019-08-18,20.1,11.5,29.5,13.9,,,,,,724
2019-08-19,15.2,12.2,19.6,6.5,,,,,,59
2019-08-20,12.1,8.9,13.8,10.9,,,,,,0
2019-08-21,12,7.1,17.3,0,,,,,,456
2019-08-22,13.7,6.2,21.4,0,,,,,,630
2019-08-23,14.4,7.7,21.8,0,,,,,,514
2019-08-24,16,9.6,23.4,0,,,,,,345
2019-08-25,18.2,10.1,26,0,,,,,,697
2019-08-26,18.3,10.5,26.9,1.9,,,,,,632
2019-08-27,19.4,11.7,27.3,0,,,,,,745
2019-08-28,20.3,15,27,0,,,,,,340
2019-08-29,17,13.6,24.8,13,,,,,,288
2019-08-30,18.4,12.1,25.3,0,,,,,,637
2019-08-31,19.3,11.9,27,0,,,,,,746
2019-09-01,17.6,13.9,21.2,0.8,0,,,,,116
2019-09-02,12.2,6.6,14.8,0.3,0,,,,,19
2019-09-03,12.5,5.1,21.1,0,0,,,,,724
2019-09-04,14.2,6.3,23.2,0,0,,,,,770
2019-09-05,10.6,7.1,14.2,0.3,0,,,,,176
2019-09-06,10.4,7.2,13.6,0,0,,,,,0
2019-09-07,10.7,6.4,15.7,1.9,0,,,,,155
2019-09-08,8.2,7.4,9.5,17.4,0,,,,,0
2019-09-09,8.6,5,12.5,0,0,,,,,195
2019-09-10,10.3,3.6,17.8,0,0,,,,,493
2019-09-11,11.2,4.8,17.8,0.3,0,,,,,320
2019-09-12,14.7,8.6,21.9,0,0,,,,,738
2019-09-13,15.8,7.7,24.2,0,0,,,,,674
2019-09-14,15.1,8.7,22.8,0,0,,,,,601
2019-09-15,16.6,9.3,25.4,0,0,,,,,655
2019-09-16,17.3,9.7,24.9,0,0,,,,,554
2019-09-17,14,6.5,19.2,0,0,,,,,620
2019-09-18,9.3,3.4,15.3,0,0,,,,,654
2019-09-19,7.9,1.7,14.3,0,0,,,,,685
2019-09-20,7.6,-0.3,16.4,0,0,,,,,691
2019-09-21,10.8,1.6,20.9,0,0,,,,,701
2019-09-22,15.2,7.6,22.7,15,0,,,,,320
2019-09-23,10.8,5.3,15.2,2.2,0,,,,,202
2019-09-24,9.5,2.9,14.1,4.8,0,,,,,119
2019-09-25,11.5,9.4,13.6,3.8,0,,,,,260
2019-09-26,12.9,9.5,17.4,0.6,0,,,,,78
2019-09-27,13.7,10.8,18.5,7.2,0,,,,,251
2019-09-28,11.2,5.9,14.8,1.1,0,,,,,293
2019-09-29,13,2.9,21.6,2.9,0,,,,,587
2019-09-30,11.6,4.6,15.2,0,0,,,,,548
2019-10-01,12,4.2,19.7,7.7,0,,,,,342
2019-10-02,9.4,3.3,14.4,6.7,0,,,,,246
2019-10-03,6,2.4,11.9,0,0,,,,,496
2019-10-04,7,2.6,10,8.4,0,,,,,0
2019-10-05,8.8,6.4,11.8,8.6,0,,,,,12
2019-10-06,8.3,5.9,10.9,9,0,,,,,0
2019-10-07,6.8,2.3,10.7,0.2,0,,,,,104
2019-10-08,12,5.3,17.1,7.5,0,,,,,226
2019-10-09,8.4,7.2,12.6,19.6,0,,,,,0
2019-10-10,7.7,3.2,10.6,7,0,,,,,70
2019-10-11,7.9,1.2,17.2,0,0,,,,,486
2019-10-12,12.3,5.4,20.9,0,0,,,,,480
2019-10-13,13.9,6.9,23.6,0,0,,,,,572
2019-10-14,12.7,7.1,21.2,0,0,,,,,608
2019-10-15,9.7,5.5,15,6.6,0,,,,,109
2019-10-16,8.6,3.3,15.4,0,0,,,,,559
2019-10-17,10.3,3.7,17,3.3,0,,,,,261
2019-10-18,10.7,8.3,15.3,21.2,0,,,,,141
2019-10-19,9.5,8.3,11,9,0,,,,,0
2019-10-20,11.4,6.4,18.2,3,0,,,,,458
2019-10-21,11.3,10.1,13.2,3.3,0,,,,,2
2019-10-22,10.8,9.3,13,0,0,,,,,8
2019-10-23,11.2,6,17.9,0,0,,,,,373
2019-10-24,11.6,8.2,15.8,0,0,,,,,137
2019-10-25,9.4,4.3,16.1,0,0,,,,,466
2019-10-26,9.6,1.9,20.4,0,0,,,,,541
2019-10-27,13.2,6.1,17.7,2,0,,,,,395
2019-10-28,7.2,5.3,10.7,4.1,0,,,,,0
2019-10-29,4.3,2.9,5.3,3.2,0,,,,,0
2019-10-30,3.5,3,4.4,12.7,0,,,,,0
2019-10-31,4,2.8,5.4,0,0,,,,,0
2019-11-01,7.4,3.9,10.4,8.9,0,,,,,17
2019-11-02,11,8.6,13,11.5,0,,,,,33
2019-11-03,7.6,5.9,9.6,18.4,0,,,,,0
2019-11-04,7,5,9,16,0,,,,,81
2019-11-05,5.3,2.4,8.8,1.6,0,,,,,145
2019-11-06,4.7,2.8,6.6,0.6,0,,,,,83
2019-11-07,3,0.2,5.6,3.8,0,,,,,67
2019-11-08,1.1,0.4,2.1,9.1,0,,,,,0
2019-11-09,0.5,-2.7,4.6,0,0,,,,,40
2019-11-10,0.3,-1.8,5.3,0,0,,,,,173
2019-11-11,-0.8,-4.6,1.8,1.4,0,,,,,1
2019-11-12,1.3,-1.4,3.5,0.4,0,,,,,81
2019-11-13,-0.1,-3,3,0,10,,,,,194
2019-11-14,0.2,-4.7,7.1,0,0,,,,,268
2019-11-15,1.5,-2,5.7,0,0,,,,,65
2019-11-16,1.8,-0.2,5.4,0,0,,,,,147
2019-11-17,0.6,-1,2.6,2.3,0,,,,,0
2019-11-18,0.5,-0.5,1.5,0.9,0,,,,,92
2019-11-19,0.1,-3.2,3.9,0,0,,,,,21
2019-11-20,1,-0.2,2.6,0,0,,,,,0
2019-11-21,2.3,-0.8,7.3,0,0,,,,,117
2019-11-22,0.8,-1.3,5.2,0,0,,,,,258
2019-11-23,2.3,-1,5.6,0,0,,,,,23
2019-11-24,4.3,0.8,10.2,0,0,,,,,108
2019-11-25,3.6,0.4,8.9,0,0,,,,,240
2019-11-26,4.6,1,11.1,1.2,0,,,,,155
2019-11-27,6.1,1.6,9,9.4,0,,,,,125
2019-11-28,5.4,3.9,6.8,23.2,0,,,,,0
2019-11-29,3.4,0.6,5.6,9.2,0,,,,,27
2019-11-30,-0.5,-3.4,2.2,0.2,0,,,,,293
2019-12-01,-0.4,-3.3,2.1,0,0,,,,,8
2019-12-02,-1.6,-5.2,1.3,0,0,,,,,10
2019-12-03,-2.1,-5.6,0.8,0,0,,,,,451
2019-12-04,-4.3,-7.7,0.9,0,0,,,,,449
2019-12-05,-4,-8.5,4.1,0,0,,,,,444
2019-12-06,2.4,-6.7,9,3.8,0,,,,,434
2019-12-07,5,4.1,6.4,0.9,0,,,,,14
2019-12-08,6.1,3.2,8,7.9,0,,,,,38
2019-12-09,2.6,0.3,5.7,20.8,0,,,,,0
2019-12-10,-1.5,-6.7,2.6,0,30,,,,,296
2019-12-11,-2.6,-7.5,1.9,1.7,30,,,,,0
2019-12-12,-1.4,-5.2,0.8,3.9,40,,,,,102
2019-12-13,0.2,-3.3,2.3,13.5,120,,,,,1
2019-12-14,3.8,0,6.8,10.1,110,,,,,214
2019-12-15,7.1,2.9,8.9,10.1,0,,,,,0
2019-12-16,3.3,0.9,8.7,0,0,,,,,249
2019-12-17,3.8,1.1,9.7,0.4,0,,,,,82
2019-12-18,6.5,1,11.4,0.1,0,,,,,175
2019-12-19,4.1,-0.1,11,0,0,,,,,313
2019-12-20,3.4,-1,9.2,3.6,0,,,,,0
2019-12-21,2.1,-0.1,4.9,6.7,0,,,,,33
2019-12-22,2.8,0.9,4.6,21.2,0,,,,,0
2019-12-23,3,1.6,4.5,2.8,0,,,,,84
2019-12-24,3.9,0.5,7.3,7.4,0,,,,,1
2019-12-25,2.9,-2.2,4.8,6.5,0,,,,,33
2019-12-26,-0.2,-2.5,2.6,1.9,0,,,,,0
2019-12-27,3.1,1.4,5.2,1.2,0,,,,,16
2019-12-28,-0.4,-4.6,2.7,0,0,,,,,18
2019-12-29,-3,-6.6,4.5,0,0,,,,,434
2019-12-30,0,-5.1,9.9,0,0,,,,,422
2019-12-31,0.8,-3.6,8.8,0,0,,,,,377
2020-01-01,-1.4,-5.8,7.4,0,0,,,,,436
2020-01-02,-2.5,-7,8.5,0,0,,,,,430
2020-01-03,3.1,-2.9,7.1,3.6,0,,,,,173
2020-01-04,2,-0.1,4.6,0.4,0,,,,,115
2020-01-05,-0.9,-3.8,2.9,0,0,,,,,227
2020-01-06,-0.4,-4.6,5.9,0,0,,,,,444
2020-01-07,2.2,-2.7,5.1,0,0,,,,,361
2020-01-08,1.6,-3.5,7.1,0,0,,,,,140
2020-01-09,5.9,0.6,11.4,0.7,0,,,,,340
2020-01-10,4.6,2.1,6.3,1.3,0,,,,,30
2020-01-11,0.6,-4,3.3,0,0,,,,,33
2020-01-12,-2.4,-6.3,1.9,0,0,,,,,426
2020-01-13,0.9,-2.7,7.2,0,0,,,,,134
2020-01-14,0.9,-4.2,10.2,0,0,,,,,365
2020-01-15,3.7,-2.7,10.8,0,0,,,,,462
2020-01-16,4.5,-1.6,10.1,0,0,,,,,458
2020-01-17,2.1,-2.9,8.9,1.6,0,,,,,175
2020-01-18,0.9,-1.2,2.5,0,0,,,,,187
2020-01-19,-2.2,-5.4,0.6,0.4,0,,,,,41
2020-01-20,-2,-4.9,0.1,0,20,,,,,203
2020-01-21,-3,-8,4.3,0,0,,,,,488
2020-01-22,-1.4,-6.4,7.4,0,0,,,,,489
2020-01-23,-2.7,-6.9,5.4,0,0,,,,,492
2020-01-24,-1.1,-7.4,8.1,0,0,,,,,456
2020-01-25,1.6,-1.8,7.7,0,0,,,,,447
2020-01-26,2.4,-2.7,8.6,0.3,0,,,,,166
2020-01-27,3.4,0,6.8,16.2,0,,,,,159
2020-01-28,1.7,-0.4,4.3,19.2,0,,,,,13
2020-01-29,1.1,-0.6,2.7,0.3,130,,,,,222
2020-01-30,3.6,-0.2,8,5.7,130,,,,,298
2020-01-31,8.7,7.6,9.7,0.1,0,,,,,7
2020-02-01,8.9,6.8,11.9,8.6,0,,,,,125
2020-02-02,8.8,6.3,11.1,48.7,0,,,,,0
2020-02-03,8.8,6.1,11,49.4,0,,,,,0
2020-02-04,0.9,-1.4,9.6,9.6,0,,,,,104
2020-02-05,-1.7,-7.6,3.1,0,110,,,,,357
2020-02-06,-3.8,-8.4,4.9,0,110,,,,,532
2020-02-07,-2.5,-7.7,6.6,0,110,,,,,542
2020-02-08,-0.7,-6.9,7.2,0,110,,,,,466
2020-02-09,4.3,-3.1,10.5,16.3,100,,,,,396
2020-02-10,6.6,2.9,10,28.4,0,,,,,135
2020-02-11,1.1,-0.2,5.2,9.5,0,,,,,20
2020-02-12,0.8,-0.8,2.1,1.9,70,,,,,24
2020-02-13,0.8,-4.4,5.7,20.3,100,,,,,101
2020-02-14,2.4,-2.1,5.9,0.9,40,,,,,252
2020-02-15,2,-3.1,11.1,0,0,,,,,524
2020-02-16,12,1.4,17.5,0,0,,,,,255
2020-02-17,7.7,2,13.6,9.7,0,,,,,5
2020-02-18,2.5,1.7,3.8,0.5,0,,,,,84
2020-02-19,1.3,-1.1,2.9,5.1,0,,,,,95
2020-02-20,3.9,0.4,8.3,4.2,0,,,,,329
2020-02-21,1.5,-2.3,6,0,0,,,,,531
2020-02-22,5.2,-3.3,13.5,0.2,0,,,,,513
2020-02-23,9.5,5.5,12.9,0,0,,,,,152
2020-02-24,9.7,7.4,12.4,0,0,,,,,251
2020-02-25,5.6,2.2,10.4,11.7,0,,,,,22
2020-02-26,-0.8,-2.8,1.9,5.2,0,,,,,119
2020-02-27,-0.3,-2.1,4.4,18.5,60,,,,,94
2020-02-28,0.7,-2.1,4.4,0.2,110,,,,,434
2020-02-29,5.7,0.3,11.2,14.1,90,,,,,211
2020-03-01,4.7,1.2,9.7,4,0,,,,,269
2020-03-02,2.3,-1.6,5.7,6.3,0,,,,,58
2020-03-03,0.5,-2.9,3.5,0,0,,,,,291
2020-03-04,0.1,-4.2,5.3,1.2,0,,,,,446
2020-03-05,1.8,-1.1,5.9,33.8,0,,,,,0
2020-03-06,1.4,0.4,3.9,8,0,,,,,1
2020-03-07,0.3,-3,2.6,0,10,,,,,271
2020-03-08,1.2,-4.1,6.8,2.4,0,,,,,429
2020-03-09,2.6,-0.8,6.7,2.3,0,,,,,361
2020-03-10,3.8,0.6,7.7,13.5,0,,,,,0
2020-03-11,9.2,7.4,11.6,0.2,0,,,,,112
2020-03-12,9.4,4.2,11.8,1.2,0,,,,,338
2020-03-13,3.8,-2.2,7.7,0,0,,,,,637
2020-03-14,1.1,-2.8,6,0,0,,,,,113
2020-03-15,3.3,-3.9,12.6,0,0,,,,,671
2020-03-16,6.7,-0.8,15,0,0,,,,,651
2020-03-17,7.7,2.6,14,0,0,,,,,191
2020-03-18,8.1,1.1,16.3,0,0,,,,,554
2020-03-19,8.4,1.6,16.4,0,0,,,,,525
2020-03-20,8.2,2.8,14.8,0.2,0,,,,,229
2020-03-21,3.2,-0.2,7.1,0,0,,,,,0
2020-03-22,0.2,-4.2,5.5,0,0,,,,,428
2020-03-23,-1.8,-6.6,4.6,0,0,,,,,714
2020-03-24,-1.2,-7.6,4.7,0,0,,,,,720
2020-03-25,-0.4,-4.5,4.6,0,0,,,,,629
2020-03-26,-0.4,-5.6,5.8,0,0,,,,,519
2020-03-27,3.6,-3.6,11.8,0,0,,,,,701
2020-03-28,6.3,-1.3,14.5,0,0,,,,,652
2020-03-29,1.2,-1.2,5,2.3,0,,,,,113
2020-03-30,-2.3,-6.7,0.5,0,50,,,,,142
2020-03-31,-1.2,-7.7,5.2,0,40,,,,,701
2020-04-01,0.3,-7.6,9,0,0,,,,,749
2020-04-02,2.9,-5.4,11.1,0,0,,,,,744
2020-04-03,3.2,-3.1,9.8,0,0,,,,,408
2020-04-04,4.7,-2.5,12.4,0,0,,,,,744
2020-04-05,6.8,-2.5,16.8,0,0,,,,,759
2020-04-06,9.6,0.2,18.4,0,0,,,,,757
2020-04-07,10.3,1.5,18.2,0,0,,,,,761
2020-04-08,10.7,1.5,19.1,0,0,,,,,635
2020-04-09,10.6,2.2,18.7,0,0,,,,,618
2020-04-10,11.1,2.3,19.3,0,0,,,,,753
2020-04-11,11.2,3,19.3,0,0,,,,,526
2020-04-12,12.1,5,20.2,0,0,,,,,371
2020-04-13,10.5,1.2,18,0,0,,,,,475
2020-04-14,2.4,-3.5,8,0,0,,,,,787
2020-04-15,5.6,-5.2,16,0,0,,,,,765
2020-04-16,11.2,0.9,19.9,0,0,,,,,767
2020-04-17,13.7,4.9,22.9,0,0,,,,,647
2020-04-18,13.5,6.4,21.4,0,0,,,,,715
2020-04-19,12.8,5,19.6,0,0,,,,,494
2020-04-20,10.7,6.9,15.1,0,0,,,,,622
2020-04-21,10.4,5.4,16.2,0,0,,,,,428
2020-04-22,11.2,2.3,19.8,0,0,,,,,800
2020-04-23,11,1.1,19.4,0,0,,,,,801
2020-04-24,11.8,3.1,19.1,0,0,,,,,734
2020-04-25,12.3,4.5,18.8,0,0,,,,,628
2020-04-26,10.5,2.1,19,0.1,0,,,,,281
2020-04-27,12.9,4.7,19.7,0.5,0,,,,,619
2020-04-28,11.1,7.1,15.2,4.9,0,,,,,135
2020-04-29,8.4,3.4,13.9,2.2,0,,,,,323
2020-04-30,7.3,3.8,9.4,6.2,0,,,,,16
2020-05-01,7.5,4.8,10.2,6.6,0,,,,,145
2020-05-02,5,0.5,8.5,10.7,0,,,,,111
2020-05-03,7.7,-1,14.4,0,0,,,,,586
2020-05-04,11.9,5.2,18.8,0,0,,,,,446
2020-05-05,8.1,7.1,9.4,1.6,0,,,,,0
2020-05-06,8.1,1.2,13.5,0,0,,,,,598
2020-05-07,9.9,-1.1,19.4,0,0,,,,,831
2020-05-08,15,4.8,23.2,0,0,,,,,657
2020-05-09,16.1,9.4,22.9,0.5,0,,,,,574
2020-05-10,15.6,11.1,21.9,0.3,0,,,,,252
2020-05-11,7.5,0.5,13.6,11.1,0,,,,,0
2020-05-12,4.7,-0.1,10.3,0,0,,,,,575
2020-05-13,5.5,2.8,8,21.3,0,,,,,14
2020-05-14,5.7,3.7,6.8,0,0,,,,,0
2020-05-15,7,1.3,10.8,0,0,,,,,47
2020-05-16,8.5,-0.4,15.9,0,0,,,,,839
2020-05-17,10.8,2.1,18.5,0,0,,,,,707
2020-05-18,12.9,3,21.5,0,0,,,,,742
2020-05-19,15,5.9,20.8,0,0,,,,,756
2020-05-20,14.5,8.1,19.5,0,0,,,,,547
2020-05-21,13.6,6.2,22.2,22.5,0,,,,,640
2020-05-22,17.1,7.2,24.4,6.8,0,,,,,472
2020-05-23,10.6,3.1,18.2,9.6,0,,,,,63
2020-05-24,9.6,4,15.3,0,0,,,,,572
2020-05-25,9.6,2.7,16.2,0,0,,,,,175
2020-05-26,11.2,3.6,17.2,0,0,,,,,861
2020-05-27,11.6,2.6,19.1,0,0,,,,,896
2020-05-28,12.3,5,18,0,0,,,,,280
2020-05-29,10,2.3,15.9,0,0,,,,,775
2020-05-30,10.2,3.4,15.7,0,0,,,,,470
2020-05-31,10.3,1.7,16.9,0,0,,,,,855
2020-06-01,13.6,4,21,0,,,,,,889
2020-06-02,15.2,5.5,23,0,,,,,,729
2020-06-03,14.7,8.1,21.7,5.1,,,,,,390
2020-06-04,12.2,8,16.4,4.5,,,,,,60
2020-06-05,9.3,7.8,10.9,10.8,,,,,,16
2020-06-06,11.2,8.8,15.1,10.6,,,,,,62
2020-06-07,9.2,6.4,13.2,0.6,,,,,,52
2020-06-08,10.6,6.1,15.5,1.2,,,,,,152
2020-06-09,9.4,8.1,10.9,5.4,,,,,,0
2020-06-10,11.2,9.5,14.6,1.1,,,,,,50
2020-06-11,12.4,8.2,16.9,0,,,,,,342
2020-06-12,16.1,5.9,23.5,0,,,,,,779
2020-06-13,15.3,12.1,21.1,0.7,,,,,,228
2020-06-14,12.7,10.8,14.9,0,,,,,,0
2020-06-15,14,8.9,19.3,0,,,,,,398
2020-06-16,13.1,9,16.4,6,,,,,,111
2020-06-17,11,6.6,13.8,17.3,,,,,,0
2020-06-18,12.6,5,18.8,0,,,,,,543
2020-06-19,11.1,7.8,15.5,4.3,,,,,,61
2020-06-20,12.6,9.2,17.6,10.2,,,,,,126
2020-06-21,15.6,10.1,21.3,0,,,,,,688
2020-06-22,16.5,10.1,22.2,0,,,,,,585
2020-06-23,17.3,9,24.3,0,,,,,,858
2020-06-24,17.7,8.8,25.3,0,,,,,,918
2020-06-25,17.9,8.6,25.8,8.3,,,,,,892
2020-06-26,16.8,11.7,25.5,2.6,,,,,,279
2020-06-27,18.3,11.4,24.7,3.3,,,,,,637
2020-06-28,17.2,13.1,22.9,1.7,,,,,,351
2020-06-29,15,10.8,20.4,0.4,,,,,,349
2020-06-30,16.2,8.5,22.6,0,,,,,,770
2020-07-01,19.8,10.8,27.1,1.5,,,,,,812
2020-07-02,16.5,13.1,20.9,0.1,,,,,,273
2020-07-03,14.8,9.5,18.7,0,,,,,,134
2020-07-04,15.6,7,22.2,0,,,,,,632
2020-07-05,19.4,14.9,24,0,,,,,,715
2020-07-06,14.5,6.3,18.3,1,,,,,,501
2020-07-07,13.1,3.9,21.3,0,,,,,,908
2020-07-08,16.1,5.7,23.3,0,,,,,,698
2020-07-09,19.4,9.9,26.7,0,,,,,,822
2020-07-10,18.6,11.6,25.2,0.5,,,,,,754
2020-07-11,15.2,8.8,19.2,0,,,,,,512
2020-07-12,14.2,5.7,21.2,0,,,,,,856
2020-07-13,15.1,5.9,22.8,0,,,,,,761
2020-07-14,16.2,7.5,22.7,0,,,,,,621
2020-07-15,14.1,11.5,17.4,1.8,,,,,,26
2020-07-16,12.8,11,16.1,0.8,,,,,,9
2020-07-17,13.5,10.2,16.6,0,,,,,,3
2020-07-18,14.7,7.3,21.7,0,,,,,,656
2020-07-19,17.2,7.2,26.1,0,,,,,,797
2020-07-20,19,9,27.1,0,,,,,,653
2020-07-21,19.2,10.6,25.5,0,,,,,,548
2020-07-22,17.9,10.5,25,0,,,,,,475
2020-07-23,17.7,10.2,24.4,0,,,,,,628
2020-07-24,15.6,10.6,20.3,0.3,,,,,,226
2020-07-25,17.7,9.9,25.6,1,,,,,,527
2020-07-26,17.3,11.5,24.4,0,,,,,,549
2020-07-27,19.8,9,28.7,0,,,,,,871
2020-07-28,20.4,12.9,26.3,1.3,,,,,,582
2020-07-29,18,9.2,25.2,0,,,,,,855
2020-07-30,20.5,9.8,30.6,0,,,,,,841
2020-07-31,23.5,12.9,32.4,0,,,,,,728
2020-08-01,22.9,15.5,30.3,30.8,,,,,,382
2020-08-02,16.3,14,21.4,11.7,,,,,,56
2020-08-03,13.9,10.8,18,11,,,,,,56
2020-08-04,12.2,7.3,17,0.1,,,,,,101
2020-08-05,13.6,5.2,20.9,0,,,,,,834
2020-08-06,16.5,7.2,24.1,0,,,,,,823
2020-08-07,19.5,11,27.3,0,,,,,,819
2020-08-08,20.5,12.4,28.8,0,,,,,,723
2020-08-09,20.8,12.6,28.1,0,,,,,,803
2020-08-10,20.3,13,29.1,0.5,,,,,,612
2020-08-11,20.6,14.4,27.7,0.1,,,,,,506
2020-08-12,19.9,14.6,28.4,3.9,,,,,,499
2020-08-13,19,15.3,23.5,0.1,,,,,,212
2020-08-14,17,13.3,19.9,2,,,,,,95
2020-08-15,18.1,12.5,24.6,0,,,,,,538
2020-08-16,18.8,11.6,26.3,14.3,,,,,,567
2020-08-17,16.2,12,23,0.2,,,,,,250
2020-08-18,16,11.1,21.5,0,,,,,,377
2020-08-19,17,9.6,23.6,0,,,,,,522
2020-08-20,21.1,14.2,29.3,0,,,,,,680
2020-08-21,22.8,13.9,30.6,2,,,,,,744
2020-08-22,17.8,11.3,22.4,1.9,,,,,,325
2020-08-23,14.9,9.4,20,0,,,,,,496
2020-08-24,13.2,7.7,19.8,0,,,,,,299
2020-08-25,15.4,6.1,22.4,0,,,,,,365
2020-08-26,18.6,10.5,22.2,0,,,,,,593
2020-08-27,14.4,6.8,21.6,0,,,,,,457
2020-08-28,14.4,8.8,21,6.8,,,,,,84
2020-08-29,11.3,9.6,13.2,3.9,,,,,,1
2020-08-30,9.9,7.9,11.2,23.3,,,,,,0
2020-08-31,10.3,6.7,16.6,2.6,,,,,,247
2020-09-01,10.7,7.6,15,5,0,,,,,25
2020-09-02,11.4,7.7,16.2,0.3,0,,,,,352
2020-09-03,12.9,5.3,20.1,0,0,,,,,665
2020-09-04,16.8,7.6,26.2,0,0,,,,,756
2020-09-05,17.2,11.1,24.2,0,0,,,,,569
2020-09-06,11.9,8.5,14.9,0,0,,,,,14
2020-09-07,11.7,6.4,16.6,0,0,,,,,373
2020-09-08,12.7,5,20.8,0,0,,,,,752
2020-09-09,14.8,6.9,23.4,0,0,,,,,748
2020-09-10,14.6,7,21.7,0,0,,,,,470
2020-09-11,16.5,11,22.6,0,0,,,,,535
2020-09-12,16.1,9.5,23.6,0,0,,,,,553
2020-09-13,16.3,9,24.8,0,0,,,,,698
2020-09-14,17.5,9.5,27,0,0,,,,,622
2020-09-15,18.7,9.5,28.4,0,0,,,,,668
2020-09-16,17.3,12,25.5,0,0,,,,,112
2020-09-17,16.5,11.8,21.8,0,0,,,,,603
2020-09-18,14.2,8.9,19.3,0.1,0,,,,,302
2020-09-19,14.8,6.5,22.6,0,0,,,,,441
2020-09-20,15.7,10.2,23,0.1,0,,,,,561
2020-09-21,14.5,8.5,21.1,0,0,,,,,295
2020-09-22,13.7,10,20.3,3.1,0,,,,,53
2020-09-23,13.7,8.7,18.4,0.6,0,,,,,152
2020-09-24,13.9,9.7,18.9,11.3,0,,,,,258
2020-09-25,6.7,4.4,11.1,13.2,0,,,,,0
2020-09-26,3.7,3,4.9,14.9,0,,,,,0
2020-09-27,4.9,1.2,8.1,0,0,,,,,83
2020-09-28,6.4,-1,12.7,0.2,0,,,,,405
2020-09-29,8.3,4.9,10.2,0,0,,,,,0
2020-09-30,8.9,3.2,16.1,0,0,,,,,603
2020-10-01,9.1,4.9,15.9,1.1,0,,,,,36
2020-10-02,10,5.7,14.7,0.1,0,,,,,55
2020-10-03,7,3.2,10.9,16.3,0,,,,,336
2020-10-04,9,6.2,14.4,0.9,0,,,,,405
2020-10-05,7.4,6.2,9.6,9.7,0,,,,,52
2020-10-06,8.6,7,11.4,14.8,0,,,,,26
2020-10-07,7.7,4.3,10.4,5.5,0,,,,,156
2020-10-08,9.8,3.9,14.3,0,0,,,,,288
2020-10-09,11.5,6.9,15.6,4.1,0,,,,,279
2020-10-10,7.1,1.2,10.8,2,0,,,,,41
2020-10-11,2.9,-0.8,7.2,0.4,0,,,,,48
2020-10-12,3.5,-0.1,8.4,0.4,0,,,,,222
2020-10-13,3.2,0.1,7.6,0,0,,,,,131
2020-10-14,3.2,0.1,7.1,0,0,,,,,270
2020-10-15,4.4,2.9,5.8,2.5,0,,,,,0
2020-10-16,5.9,4.4,7.7,0,0,,,,,0
2020-10-17,4.2,2.8,6.7,1.2,0,,,,,0
2020-10-18,4.4,2.5,7.2,0,0,,,,,0
2020-10-19,4.1,-0.6,10.1,0,0,,,,,542
2020-10-20,5.8,-0.7,14.2,0,0,,,,,265
2020-10-21,10.4,6.2,17.5,0,0,,,,,129
2020-10-22,11.7,6.9,17.1,10.4,0,,,,,185
2020-10-23,10.9,9.4,12.1,8.6,0,,,,,0
2020-10-24,8.2,1.5,12.5,0,0,,,,,389
2020-10-25,6.9,0.6,15.3,5.4,0,,,,,363
2020-10-26,5.1,2.9,8.6,5.8,0,,,,,0
2020-10-27,4.2,1.2,7.9,1.1,0,,,,,79
2020-10-28,8.2,3.9,10,8.7,0,,,,,51
2020-10-29,8,7,9.2,6.3,0,,,,,3
2020-10-30,8.3,1.6,11.6,0,0,,,,,171
2020-10-31,6.2,0.1,16.9,0,0,,,,,331
2020-11-01,11.4,4.3,14.1,6,0,,,,,1
2020-11-02,15.4,13.1,17.9,0,0,,,,,104
2020-11-03,8.7,5.2,14.7,3.8,0,,,,,0
2020-11-04,4,3.2,5.4,1.2,0,,,,,0
2020-11-05,5.2,3.7,6.8,0,0,,,,,0
2020-11-06,3.7,0.6,7.7,0,0,,,,,112
2020-11-07,6,0.5,14.1,0,0,,,,,480
2020-11-08,7.5,3.8,14,0,0,,,,,179
2020-11-09,7.8,3.4,15.7,0,0,,,,,491
2020-11-10,6.4,2.4,13.4,0,0,,,,,458
2020-11-11,6.2,1.5,12.7,0,0,,,,,215
2020-11-12,6.4,2.6,11.7,0,0,,,,,121
2020-11-13,7,2,13.7,0,0,,,,,331
2020-11-14,6.4,0.8,15.3,0,0,,,,,507
2020-11-15,8.6,3,14.2,6.5,0,,,,,380
2020-11-16,6.5,5.2,9,0.2,0,,,,,32
2020-11-17,4.6,0.3,9.9,0,0,,,,,405
2020-11-18,4.4,-0.8,11.9,0,0,,,,,495
2020-11-19,6.3,1.3,10.6,6.8,0,,,,,45
2020-11-20,1.1,-3.5,3.2,0,0,,,,,130
2020-11-21,-2.1,-5.9,3.3,0,0,,,,,452
2020-11-22,1,-4.4,8.9,0,0,,,,,309
2020-11-23,2.6,-1.1,7.9,0,0,,,,,208
2020-11-24,1.7,-3.4,6.2,0,0,,,,,319
2020-11-25,-0.1,-4.7,8.4,0,0,,,,,475
2020-11-26,1.3,-2.7,9,0,0,,,,,471
2020-11-27,1.4,-2.7,9.6,0,0,,,,,376
2020-11-28,1.1,-3.6,7,0,0,,,,,464
2020-11-29,-2.6,-4.5,-0.5,0,0,,,,,68
2020-11-30,-4.1,-7,1.5,3.2,0,,,,,335
2020-12-01,-0.6,-5.6,1.7,1,30,,,,,35
2020-12-02,-1.6,-3.3,-0.7,0,30,,,,,0
2020-12-03,-2.5,-3.8,-0.1,0,30,,,,,8
2020-12-04,-0.3,-3.4,2.3,2.6,30,,,,,15
2020-12-05,-0.6,-1.8,0.3,6.7,50,,,,,0
2020-12-06,0.4,-0.2,1.6,6.4,110,,,,,0
2020-12-07,-0.2,-1.4,2,0,150,,,,,117
2020-12-08,-0.9,-4,3.6,0.2,150,,,,,389
2020-12-09,-0.9,-2.3,0.1,2,150,,,,,0
2020-12-10,-2.6,-4.9,-1.8,0,160,,,,,0
2020-12-11,-3.4,-7.9,0.6,2.7,160,,,,,41
2020-12-12,1.3,-1.1,4.3,1.3,160,,,,,148
2020-12-13,1.3,-0.4,4.6,0,90,,,,,119
2020-12-14,0.3,-3.1,5.3,0,90,,,,,241
2020-12-15,3.6,0,8.3,2.6,70,,,,,0
2020-12-16,2.5,-0.2,7.5,0,0,,,,,133
2020-12-17,1.7,-1.6,7.5,0,0,,,,,90
2020-12-18,3.6,1.1,8.8,0,0,,,,,359
2020-12-19,3.6,-0.8,9.1,0.1,0,,,,,232
2020-12-20,5,2.5,9.3,0,0,,,,,57
2020-12-21,3.5,-0.3,8.5,8.1,0,,,,,10
2020-12-22,9.6,8.2,10.6,5.4,0,,,,,0
2020-12-23,8.3,5.3,13.3,11.6,0,,,,,18
2020-12-24,3.1,-1.4,6.4,10.3,0,,,,,0
2020-12-25,-1.7,-4.6,-0.4,0.1,20,,,,,3
2020-12-26,-4.5,-8.7,-1.4,0,20,,,,,109
2020-12-27,-3.8,-9.2,2,17.4,20,,,,,0
2020-12-28,-0.1,-3.4,1.6,15,130,,,,,0
2020-12-29,0.3,-0.7,1.3,2.3,280,,,,,39
2020-12-30,-1.2,-3.5,1.5,0.2,300,,,,,47
2020-12-31,-2.2,-5.8,1,3.7,300,,,,,28
2021-01-01,-1.5,-2.8,0,0,320,,,,,0
2021-01-02,-2.5,-3.3,-1.8,1,310,52.1,12.1,,1011.7,0
2021-01-03,-3,-4.2,-1.8,0,280,348.2,3.7,,1011.7,0
2021-01-04,-3.4,-4.7,-2.7,0,280,88.3,7.5,,1013.2,0
2021-01-05,-4.2,-5.1,-3.3,0.2,280,63.5,5.8,,1013.1,0
2021-01-06,-2.5,-3.6,-1.4,0.8,280,312.3,7.7,,1014.1,0
2021-01-07,-2.6,-4.2,0,0.4,260,269.7,7.2,,1016.6,88
2021-01-08,-4.8,-10.2,-0.9,0,270,282.7,9.3,,1018.5,35
2021-01-09,-7.1,-12.5,-2.9,0,270,44.5,11.3,,1022.3,326
2021-01-10,-5.8,-7.6,-3.7,0,270,65.7,12.8,,1024.5,399
2021-01-11,-6.5,-8.4,-1.7,0,270,62,7.9,,1024,316
2021-01-12,-1.5,-8.7,1.2,11,260,259.8,24.5,,1017.4,0
2021-01-13,-0.3,-2.4,2.6,23.3,350,271.9,18.3,,1020.3,112
2021-01-14,-1.4,-3.7,2.8,31.5,310,5.1,12.8,,1018.1,0
2021-01-15,-5.2,-9.6,-2.5,2.9,500,64.4,7.9,,1023.2,181
2021-01-16,-7.3,-11.9,-3.1,0.4,500,266.6,7.1,,1027.3,377
2021-01-17,-1.8,-6.2,0.2,1.5,500,272.7,17.2,,1020.7,2
2021-01-18,-1.7,-4.6,0.4,0,510,272.4,14.6,,1028.2,0
2021-01-19,-1.7,-8.1,3.9,0.3,510,249.3,17.2,,1020.3,90
2021-01-20,-1,-4.6,4,0,470,208.6,13.6,,1009.4,140
2021-01-21,3.9,-0.7,7.4,10.6,460,207.2,17.4,,1003.3,14
2021-01-22,4.1,-1.5,8.3,2.9,310,240.3,15.9,,996.1,142
2021-01-23,-0.6,-1.6,2.3,8.8,330,230.4,15.7,,999,157
2021-01-24,-2.8,-5.6,-0.5,4.7,450,251.1,17.9,,1002.4,300
2021-01-25,-2.4,-3.6,-0.1,4.4,530,262,16.4,,1006.1,74
2021-01-26,-2.8,-4.6,-1.2,0.4,560,259,17.8,,1022.2,177
2021-01-27,-2.7,-6.2,0.9,3.6,550,244.5,13.9,,1018.4,0
2021-01-28,4.4,0.1,7.5,30.4,500,254.2,23.2,,1010.5,1
2021-01-29,4.5,1.7,7.5,19.3,250,256.8,26.9,,1005.2,46
2021-01-30,2.9,1.6,4.6,7.9,160,247.5,17.3,,1001.9,0
2021-01-31,2.5,0.7,5,4.4,150,252.5,6.8,,999,3
2021-02-01,2.8,0.9,5.1,9.7,130,225.4,12.7,,997,0
2021-02-02,6,3.4,8.4,17.9,110,247.1,19.6,,1007.1,0
2021-02-03,6.7,4.5,8.7,21.8,0,243.3,20.4,,1006.7,0
2021-02-04,4.2,0.8,7.1,0,0,212,11.1,,1015.3,281
2021-02-05,5.1,0.9,11.3,0.1,0,214.9,7.3,,1012.6,181
2021-02-06,3.2,0.7,5.8,0.1,0,131.3,8.3,,1005.4,38
2021-02-07,2.5,0.2,7.3,1.9,0,252.6,11.5,,997.5,43
2021-02-08,-1.3,-3.5,0.5,4,10,261.8,10.3,,998.2,0
2021-02-09,-2.7,-3.6,-0.5,2.4,80,296.2,6.7,,1002.9,104
2021-02-10,-4.1,-9.7,-1.8,1.9,100,75,6.6,,1005.8,0
2021-02-11,-10.8,-14.7,-8.2,0,110,54.9,9.5,,1026.7,353
2021-02-12,-11.3,-15.8,-6.5,0,110,76.3,15.3,,1028.7,559
2021-02-13,-10.4,-14.1,-6.7,0,110,79.3,20.8,,1035.4,560
2021-02-14,-8.7,-16.3,-1.9,0,110,108.3,13,,1038,551
2021-02-15,-3.2,-11.1,5.4,0.9,100,222,11.3,,1032,1
2021-02-16,5,-0.1,11.5,2,40,237.5,13.7,,1021.8,296
2021-02-17,3.6,-2.3,7.3,0,0,261,16,,1022.1,287
2021-02-18,2.6,-3.2,11.5,3.1,0,196.1,11.3,,1017.2,342
2021-02-19,5.8,0.5,11.4,0,0,221.9,10.5,,1020,249
2021-02-20,4.6,-1,14.7,0,0,178.7,8.5,,1018.7,582
2021-02-21,4.9,-2.1,15.3,0,0,161.8,8.9,,1017.8,592
2021-02-22,6.5,-1,16.8,0,0,195.6,7.9,,1021.7,464
2021-02-23,7.5,1.7,15.5,0,0,136.3,8,,1033.3,525
2021-02-24,7.7,1.4,17.5,0,0,199.5,6.4,,1033.5,528
2021-02-25,7.6,0,19,0,0,254.1,5.8,,1029.4,590
2021-02-26,6.5,0.5,14.8,0.4,0,305.7,10.8,,1030.3,401
2021-02-27,2.3,-1,6.2,0,0,64.4,18.7,,1035.4,464
2021-02-28,1.4,-3.2,7.8,0,0,79.3,14.9,,1033.6,613
2021-03-01,1.4,-4.7,9.8,0,0,94.3,7.6,,1031.5,617
2021-03-02,4.2,-3,14.8,0,0,163.5,4.9,,1030.5,621
2021-03-03,5.1,-0.5,13.3,0,0,254.8,6.9,,1028.9,0
2021-03-04,6.2,2.5,12.3,3.4,0,265.7,13,,1021.6,248
2021-03-05,1,-1.6,3.3,0,0,6.7,11.9,,1023.7,0
2021-03-06,-1.1,-4.8,4,0,0,89.7,13.1,,1029.4,636
2021-03-07,1.3,-5.4,8,0,0,264.8,6.9,,1023,225
2021-03-08,0,-5.3,5.9,0,0,37.8,6.1,,1020.4,532
2021-03-09,-0.1,-6.6,6.1,0,0,327,7.2,,1019.2,543
2021-03-10,2.6,-2.3,8.2,0,0,253.5,9.4,,1020.7,426
2021-03-11,7,3,10.4,31.1,0,248.2,24.6,,1011.3,7
2021-03-12,3.4,0.5,6.1,1.1,0,256.1,26.5,,1014.9,464
2021-03-13,3.2,0.2,6.6,21,0,240.7,27.9,,1009.6,12
2021-03-14,0.3,-1.1,2.1,5.7,60,274,23.6,,1014.2,251
2021-03-15,0.8,-0.5,3,8.3,120,274.4,19.8,,1016.6,43
2021-03-16,-0.1,-1,1.9,1.6,120,287.6,17.4,,1024.4,20
2021-03-17,-0.4,-2.7,2.9,1.5,140,318,9.3,,1023.5,128
2021-03-18,-2.1,-4.3,1.2,0.2,140,16.2,6.6,,1023.6,127
2021-03-19,-2.9,-7.5,1.5,3.1,140,354.6,10.5,,1019.8,188
2021-03-20,-3.5,-7.9,-0.1,0,150,38.2,9.7,,1027.3,217
2021-03-21,-1.3,-5.2,2.3,0,150,292.4,7.9,,1023.5,41
2021-03-22,-0.2,-1.6,1,0,140,356,6.6,,1024.2,0
2021-03-23,1.2,-2.4,7.1,0,130,36.5,4.1,,1026.6,313
2021-03-24,3.5,-4.2,13.1,0,70,246.2,6.1,,1024.3,715
2021-03-25,5.1,-2,12.6,0,0,264,8.4,,1022,600
2021-03-26,6.7,-0.8,13.9,7.9,0,224.4,8.1,,1020.5,618
2021-03-27,4.5,-0.9,7.6,0,0,263.3,18.6,,1026.3,389
2021-03-28,4.7,-3,13.9,0,0,,,,,691
2021-03-29,8.3,-0.3,17.8,0,0,260.1,7,,1031.9,719
2021-03-30,10.1,1.4,19.9,0,0,101.5,4.9,,1030.7,735
2021-03-31,11.5,1.7,21.8,0,0,240.7,3.5,,1024.9,733
2021-04-01,12.3,4.5,20.7,0,0,285.8,7.1,,1020.2,555
2021-04-02,8,-0.7,16.9,0,0,344.6,8.7,,1018.6,717
2021-04-03,1.7,-2.9,5.4,0,0,46.9,13.3,,1023.8,125
2021-04-04,2.8,-4.7,10.2,0,0,50.6,8.2,,1022.4,753
2021-04-05,2.6,-3.7,10.9,2.5,0,273,21.8,,1013.2,234
2021-04-06,-3.3,-7.9,0.9,2.1,20,297.3,17,,1016.7,376
2021-04-07,-2.8,-5.2,-0.1,0.1,50,288.7,20.4,,1021.4,331
2021-04-08,1.1,-3.4,6.8,0,20,258.5,10,,1026,606
2021-04-09,4.6,-4.2,13.9,0,0,225,11.3,,1018.5,457
2021-04-10,9.5,2.1,14,0,0,222.6,14,,1015,409
2021-04-11,8.4,2.2,16.9,3.9,0,241.3,11.9,,1011.5,347
2021-04-12,-0.2,-3.8,3.3,0.3,40,324.5,13,,1025.6,116
2021-04-13,-1.3,-5.6,3,0.6,0,355.3,7.8,,1030.3,209
2021-04-14,-0.9,-6.4,3.5,0,0,53.3,11,,1028.4,296
2021-04-15,0,-2.7,4,0.3,0,51.8,12.7,,1026.6,333
2021-04-16,-0.1,-4.4,4.8,0,0,54.5,13.9,,1024.7,402
2021-04-17,0.7,-5.7,5.3,0,0,51.2,11.1,,1022.8,194
2021-04-18,2.2,0.5,4.2,0,0,27.4,6.5,,1021.2,0
2021-04-19,3.1,-2.1,7.8,0.5,0,312.6,3.2,,1020,92
2021-04-20,5.5,-1.6,12.2,0,0,139.2,4.6,,1016.9,369
2021-04-21,6.5,-1.2,13.8,0,0,7.3,4.6,,1016.3,478
2021-04-22,6.1,-0.5,12.7,1.6,0,0.9,8.6,,1020.5,389
2021-04-23,6.2,-2.7,14.5,0,0,63.3,8.2,,1025.5,804
2021-04-24,8.6,-1.8,18.3,0,0,12.5,6,,1022.4,780
2021-04-25,7.8,-1,15.2,0,0,39.5,9.1,,1020.1,684
2021-04-26,6.5,-0.1,13.9,0,0,70.7,11.2,,1015.1,740
2021-04-27,7,-2.1,15.5,0,0,66.4,7.7,,1007.4,780
2021-04-28,9.8,1.2,18.5,4.3,0,217.8,8.7,,1004.1,444
2021-04-29,8.8,6.3,12.7,0.4,0,267.3,15.1,,1007.5,136
2021-04-30,4.9,2.8,7.3,14.9,0,26.1,5.9,,1012.7,0
2021-05-01,3.6,1.9,6.5,14.1,0,4.7,7.5,,1013,0
2021-05-02,4,-0.3,8.7,0,0,308.1,11.7,,1017.7,256
2021-05-03,4.8,-1.7,11.9,0,0,256.3,9.3,,1021.7,580
2021-05-04,8.9,-0.6,14.5,14.1,0,243.5,23.9,,1011.1,210
2021-05-05,5.2,2.1,7.9,0.5,0,265.2,22.5,,1010.6,414
2021-05-06,5.6,3.7,8.5,45.8,0,242,19.7,,1011.1,45
2021-05-07,4.6,-0.7,8.9,2.5,0,278.3,19,,1015.3,333
2021-05-08,8.7,-1.6,17.6,0,0,210,7.6,,1018,786
2021-05-09,15.7,4.3,24,0,0,175.7,10.5,,1010.5,784
2021-05-10,12.6,8.5,19,0,0,146.8,7.9,,1008.5,82
2021-05-11,9.4,7.3,14.5,5.3,0,322.5,9.2,,1009.5,38
2021-05-12,7.3,3.9,11.3,0.5,0,276.7,9.3,,1013.5,43
2021-05-13,6.9,2.5,11.2,0,0,255.4,9.3,,1009.7,311
2021-05-14,7.3,0.8,12.8,3.9,0,265.1,9.4,,1010.1,354
2021-05-15,7.2,4.6,12.3,10.9,0,239,16.4,,1010.5,94
2021-05-16,7.7,4.9,11.9,21.2,0,244.6,14.8,,1007.7,190
2021-05-17,6.5,5.3,9.3,28.2,0,251.5,22.1,,1010.7,95
2021-05-18,6.8,4.7,11.4,2.4,0,269.8,15.7,,1016.5,246
2021-05-19,7.1,3.3,13.1,1.9,0,280.4,12.9,,1019.2,498
2021-05-20,7.5,3.4,13.3,0.6,0,263.1,11.4,,1022.1,364
2021-05-21,6.8,2.8,11.8,15.7,0,242.5,16.9,,1013.5,65
2021-05-22,8.7,4.7,14,3.8,0,251,20.7,,1012.2,578
2021-05-23,8.3,3.3,13.6,0.2,0,251.6,14.9,,1017.6,556
2021-05-24,8.7,2.8,15.1,5.6,0,214.7,11.7,,1014.2,27
2021-05-25,7.5,3.8,11.8,1,0,257.9,23.4,,1020.4,530
2021-05-26,8.1,5.5,9.9,9.1,0,255.8,20,,1018.7,63
2021-05-27,7.5,2.8,12.7,2.3,0,294.1,10.2,,1020.6,290
2021-05-28,10.5,1.5,17,0,0,352.6,5.4,,1021.5,636
2021-05-29,10.8,4.3,16.4,0,0,60.4,10.9,,1022.9,457
2021-05-30,10,1.9,15.9,0,0,72.5,13.9,,1023.8,887
2021-05-31,10.9,1.7,18.4,0,0,88,12.3,,1020.6,905
2021-06-01,13,2.9,21.2,0,,74.2,6.8,,1017,864
2021-06-02,13.3,5,21.2,12.8,,227.1,4,,1016.9,367
2021-06-03,15.7,10.8,22.5,0.3,,249.8,4.9,,1022.1,175
2021-06-04,16.5,11.2,22.7,17.1,,245.9,5.7,,1022.4,187
2021-06-05,13.5,11.9,15.5,0.5,,261.8,11.6,,1021.9,0
2021-06-06,12.8,11.4,14.5,2.7,,318.5,9.5,,1022.3,0
2021-06-07,14,12.7,17.2,9.1,,347.8,10,,1021.1,8
2021-06-08,14.7,10.6,19.3,0.6,,43.9,9.1,,1021.7,73
2021-06-09,13.4,10,20.9,20,,8.2,6.1,,1022,281
2021-06-10,15,8.8,20.7,2.3,,4.1,5.6,,1021.7,554
2021-06-11,15.7,8.6,22.7,0.1,,357.8,5.8,,1020.4,533
2021-06-12,17.5,10.1,24.2,0.5,,296.1,11.4,,1021.8,721
2021-06-13,16.9,8.5,22.4,0,,7.2,7.4,,1025.3,807
2021-06-14,16.9,6.3,25.4,0,,75.1,6.5,,1021.5,919
2021-06-15,19.2,9.3,26.8,0,,300.2,5,,1019,783
2021-06-16,19.8,11.2,27.1,0,,151.4,5.3,,1016.1,753
2021-06-17,21,12.2,27.4,0,,180.8,6.4,,1015,786
2021-06-18,22.8,15.4,28.9,0.1,,319.2,5.5,,1015.1,708
2021-06-19,22,15.4,27.1,2.7,,197.1,7.3,,1016.1,697
2021-06-20,18.2,12.5,24.3,8.9,,266.2,11.8,,1011,214
2021-06-21,16.8,12.3,24.1,20.6,,241.5,6.7,,1009.8,459
2021-06-22,15.1,12.3,20.9,7.5,,207.8,5.1,,1012.6,249
2021-06-23,16,11.4,21.6,11,,74.7,5.7,,1017.5,403
2021-06-24,14.2,10.8,20.3,1.2,,280.6,7.5,,1018.4,186
2021-06-25,14.1,11.5,18.1,0,,293.1,9.5,,1020.2,82
2021-06-26,15.5,9.4,22.3,0,,91.7,6.5,,1018.6,432
2021-06-27,17.9,10.3,24.9,10.2,,111.4,7.2,,1016,593
2021-06-28,17.5,12.2,26.6,23.2,,49.8,8.4,,1015.4,543
2021-06-29,14.3,10.6,19.7,11.9,,236.8,9.5,,1014.2,317
2021-06-30,11.5,9.1,15.4,4.6,,258.3,16.6,,1015.6,160
2021-07-01,12.5,9.3,17.3,0,,277.1,14.6,,1017.8,254
2021-07-02,14.2,6.8,20.3,0,,291.5,7.3,,1019.2,831
2021-07-03,14.8,7.9,21.4,2.6,,241.2,4,,1017.1,376
2021-07-04,14.5,10.4,19.7,2,,259.2,8.7,,1014.1,122
2021-07-05,14.8,10.6,20.2,1.4,,232.3,12.9,,1013.8,168
2021-07-06,14.7,9.9,21.4,10.7,,228.4,10.3,,1012.6,165
2021-07-07,14.7,12.2,18.9,1.9,,165.3,4.5,,1017.9,247
2021-07-08,14.4,12.2,18.2,2.8,,4.4,7.2,,1019.7,49
2021-07-09,14.6,10,19.7,0,,296.9,12.3,,1022.4,413
2021-07-10,15.2,8,22.6,13.2,,198.4,5.3,,1018.4,593
2021-07-11,14.7,9.6,20.4,0,,289.4,8.9,,1017.4,403
2021-07-12,16.9,8.1,25.5,34.8,,91.8,5.4,,1012.5,467
2021-07-13,12.4,8.8,15.7,15.4,,294.8,14,,1010.4,44
2021-07-14,12.9,8.6,18.3,10.3,,253.8,14.6,,1012.9,225
2021-07-15,14.1,11.2,18.1,5.9,,265.9,13.6,,1013.8,120
2021-07-16,14.4,12,18.9,4,,4.8,7.3,,1019.2,166
2021-07-17,17,12.7,20.5,0.7,,18.1,12.5,,1022.1,157
2021-07-18,18.1,12.9,22.7,0,,36.8,12.3,,1020.9,797
2021-07-19,17.2,11.5,25.2,6,,34.6,10.8,,1019.3,671
2021-07-20,16.5,9.2,23.9,0,,17.4,5.7,,1019.3,677
2021-07-21,17.4,9,25.6,0,,31.3,5.7,,1021.4,657
2021-07-22,17.7,9.9,24.8,0,,346.9,6,,1020.9,755
2021-07-23,18.5,10,27,0.1,,62.5,4,,1016.4,747
2021-07-24,17.7,13.4,22.9,4.9,,220.1,7.7,,1012,117
2021-07-25,15.5,12.1,19.8,9.2,,243,6.4,,1011.6,137
2021-07-26,15.8,11.1,22,1.5,,250.7,6.2,,1014.1,350
2021-07-27,16.6,9.2,22.3,3.7,,236.5,7,,1015.5,467
2021-07-28,15.4,11.2,20.8,2.9,,252.3,10.2,,1015.8,393
2021-07-29,15.8,9.3,22.1,0,,260.7,11.8,,1016.2,569
2021-07-30,16.6,9.9,25.5,7.9,,235.5,10.1,,1012.8,521
2021-07-31,15.7,10.7,19.6,14,,288.3,11.4,,1012.6,415
2021-08-01,12.2,9.1,15.7,8.2,,293.6,9.5,,1012.4,116
2021-08-02,12.7,8.4,19.2,0,,263.1,9.3,,1016.1,291
2021-08-03,11.6,7.1,16.7,1.2,,244.3,10.2,,1015.8,32
2021-08-04,12.1,9.8,15.5,3.4,,214,5,,1014.8,57
2021-08-05,13.3,9.1,18.8,4.6,,252.1,9.5,,1012,162
2021-08-06,14.2,9.9,19.7,0,,252.9,15.4,,1009.8,247
2021-08-07,12.5,10.6,15.6,12.2,,215.3,8.6,,1008.5,0
2021-08-08,13.4,7.5,18.4,0,,258.1,14.8,,1015,710
2021-08-09,13.6,6.2,20.2,0,,225.3,8,,1020,514
2021-08-10,16.7,8.6,24.7,0,,259,7.2,,1019.7,749
2021-08-11,18.3,10,25.9,0,,271.4,7.2,,1020.8,680
2021-08-12,20.1,11.3,29.4,0,,230,5,,1021.1,769
2021-08-13,21.2,14.3,27,0,,260.3,10.6,,1023.4,681
2021-08-14,21.2,14.9,27.9,0,,261.6,5.1,,1022.4,659
2021-08-15,20.9,14.5,27.6,0,,239.4,7.1,,1016.9,550
2021-08-16,15.8,10.5,19.1,2.6,,272.1,18.7,,1015.8,264
2021-08-17,12.3,7.6,16.4,0.1,,295.3,11.2,,1020.7,343
2021-08-18,13.5,10,17.9,0,,273.7,12.5,,1019.6,84
2021-08-19,14.4,9.6,18.4,0,,285.9,7,,1017.7,106
2021-08-20,16.4,10.9,22.8,0,,302.1,5.5,,1018.3,462
2021-08-21,17.6,9.3,25.2,1.6,,222,7.4,,1019.2,716
2021-08-22,15,8.4,18.4,6,,273.8,14,,1020.3,19
2021-08-23,12.6,6.1,18.3,0,,304.5,10.2,,1022,328
2021-08-24,12.7,9.8,15.3,0,,64.5,17,,1022.7,173
2021-08-25,13.3,8.1,19,0,,72.8,13.5,,1020,457
2021-08-26,11.2,6.1,16.7,0.2,,291.3,13.3,,1015.5,235
2021-08-27,11.1,7.6,15.4,0,,310.4,12.3,,1017.1,512
2021-08-28,10.8,9.5,13.1,0.6,,311.3,11,,1018.5,41
2021-08-29,10.6,8.3,13.3,0.6,,302.6,11.8,,1018.3,12
2021-08-30,12,10.6,15.9,1.7,,307.5,11.7,,1017.9,56
2021-08-31,11.9,9.1,15.7,0,,13,7.6,,1022.1,62
2021-09-01,13,6.9,18.5,0,0,69.8,11.7,,1025.5,732
2021-09-02,12.6,4.8,20.6,0,0,84.1,9.9,,1024.4,773
2021-09-03,14,6.3,23.5,0,0,10.8,4.8,,1020,580
2021-09-04,14,8.3,21.8,9.4,0,301.3,4.1,,1017.8,495
2021-09-05,14.5,8.8,22.2,2.2,0,180.7,3.2,,1020.3,504
2021-09-06,14.9,8.5,22.8,0,0,70,5,,1023.5,566
2021-09-07,14.2,7.7,22.1,0,0,61.2,6.2,,1023.5,648
2021-09-08,15.2,7.1,23.1,0,0,125.8,6.5,,1018,710
2021-09-09,16,9.9,23.2,0.1,0,226.7,10.7,,1016,214
2021-09-10,15.7,11.3,21.5,1.4,0,232.8,8.1,,1017.2,90
2021-09-11,14.7,9.9,21.3,0,0,275.2,8.4,,1019.8,403
2021-09-12,14,7.7,20.8,0,0,341.2,4.2,,1019.2,423
2021-09-13,15.5,8.1,23.8,0,0,256.2,3.7,,1018.1,581
2021-09-14,16.7,9.7,24,1.6,0,219,5.9,,1016.7,339
2021-09-15,15.7,12.6,17.7,5.1,0,232.3,8.3,,1015.6,16
2021-09-16,13.7,9.9,17.3,14.4,0,292.8,8.3,,1016.5,55
2021-09-17,11.5,6.6,17.7,0,0,35.5,4.5,,1016.8,327
2021-09-18,11,4.5,18,0,0,93.1,5.1,,1015.8,634
2021-09-19,9.3,5.6,14.1,8.9,0,322.6,9.8,,1014,43
2021-09-20,10.9,9.1,13.3,0.2,0,10.8,5.2,,1018.8,3
2021-09-21,10.1,4.7,15,0,0,39.6,6,,1026.2,80
2021-09-22,8.2,2.4,15,0,0,64.5,9.2,,1027.9,540
2021-09-23,11,2.7,20.1,0,0,243.8,8.7,,1022.1,660
2021-09-24,11.6,3.8,20.7,0,0,270.1,9.5,,1019.6,660
2021-09-25,14.3,5.1,23,0.2,0,215.3,5.6,,1018,528
2021-09-26,13.5,9.1,17.5,9.7,0,255.3,7.6,,1018.9,30
2021-09-27,13.1,6.6,19.6,2.7,0,238.9,7.4,,1019.6,360
2021-09-28,11.4,7.1,14.9,0,0,55.8,9.3,,1022.8,550
2021-09-29,10.5,3.2,15.3,2.8,0,257.4,16.5,,1022.2,274
2021-09-30,6.1,0.4,13.4,0,0,266.7,4.6,,1028.2,609
2021-10-01,9.6,1.1,19.2,0,0,206.9,8.4,,1021,639
2021-10-02,12.5,7.5,18.8,0,0,206,12.3,,1015.1,474
2021-10-03,12.6,8.2,18.5,1.5,0,194.2,13.3,,1008.9,11
2021-10-04,9,7.8,10.8,8.4,0,317.4,7.6,,1018.3,0
2021-10-05,9.7,6.9,13.5,3.2,0,270.4,10,,1012.8,107
2021-10-06,7.4,4.8,11.5,0.6,0,267.4,16.2,,1021.2,375
2021-10-07,7.1,4.9,9.7,0,0,9.8,11.8,,1026.3,14
2021-10-08,8.6,5.4,12.8,0,0,66.7,18.9,,1026.5,68
2021-10-09,7.1,1.6,13,0,0,75.5,15.8,,1025.7,489
2021-10-10,4.6,-1.3,11.9,0,0,54.6,8.1,,1025.9,625
2021-10-11,5.2,-2.2,12.6,0,0,310.9,5.9,,1026.2,511
2021-10-12,6,3.6,8.4,2,0,295.3,11.5,,1022.9,6
2021-10-13,4.1,-1.4,8.5,0,0,346.6,9.1,,1025,192
2021-10-14,3.7,-2.3,11.4,0,0,151.1,4.4,,1027.2,608
2021-10-15,5.5,-0.8,14.1,0,0,267.4,8.1,,1020,521
2021-10-16,5.4,-0.5,12.2,0,0,40.3,5.2,,1021,458
2021-10-17,5.4,0.6,14.1,0,0,250.1,7.8,,1020.5,472
2021-10-18,7.1,-0.6,16.9,0,0,247.2,6.6,,1023.6,562
2021-10-19,9.7,3.1,19.5,0,0,240.7,10.6,,1024.4,65
2021-10-20,11.9,3.5,19,16.7,0,238.3,15.1,,1015.8,361
2021-10-21,10,7.3,14,5.4,0,249.3,29.3,,1010.9,377
2021-10-22,4.4,-1.7,7.8,0,0,289,12.3,,1021.1,551
2021-10-23,2.4,-2.4,8.7,0,0,36.8,8.7,,1028.1,577
2021-10-24,3.4,-3.1,13.6,0,0,191.8,6.7,,1025.2,579
2021-10-25,5.6,-0.4,15.1,0,0,238.6,6.7,,1021.6,373
2021-10-26,7.4,1.6,12,0,0,276.4,10.4,,1024.6,149
2021-10-27,4.9,-0.3,12.4,0,0,96,5.1,,1025.9,369
2021-10-28,5,-0.6,14.7,0,0,217,6.7,,1020.2,462
2021-10-29,5.8,0.3,15.6,0,0,191.4,6.5,,1013.4,483
2021-10-30,5.8,0.4,10.8,3.9,0,176.3,9,,1009.6,28
2021-10-31,9.8,5.9,15,0.5,0,186.5,9.8,,1009,
