stockarticleID,articleID,productionDate,Quantity,BestByDate
8,1,2016-01-28,27,2016-02-11
27,1,2016-03-09,13,2016-03-23
37,1,2016-04-03,14,2016-04-17
112,1,2016-09-06,34,2016-09-20
119,1,2016-09-21,18,2016-10-05
162,1,2016-12-09,34,2016-12-23
176,1,2017-01-03,25,2017-01-17
179,1,2017-01-09,18,2017-01-23
181,1,2017-01-10,16,2017-01-24
183,1,2017-01-16,28,2017-01-30
190,1,2017-02-07,15,2017-02-21
210,1,2017-03-12,18,2017-03-26
228,1,2017-04-17,13,2017-05-01
244,1,2017-05-23,10,2017-06-06
253,1,2017-06-02,13,2017-06-16
287,1,2017-08-07,26,2017-08-21
360,1,2018-01-08,19,2018-01-22
362,1,2018-01-13,13,2018-01-27
385,1,2018-03-19,19,2018-04-02
408,1,2018-04-28,9,2018-05-12
416,1,2018-05-17,11,2018-05-31
423,1,2018-06-11,7,2018-06-25
427,1,2018-06-22,14,2018-07-06
459,1,2018-09-07,17,2018-09-21
498,1,2018-11-14,17,2018-11-28
507,1,2018-12-07,30,2018-12-21
527,1,2019-01-08,9,2019-01-22
550,1,2019-02-24,7,2019-03-10
552,1,2019-03-04,14,2019-03-18
556,1,2019-03-10,20,2019-03-24
624,1,2019-07-30,12,2019-08-13
651,1,2019-09-28,15,2019-10-12
667,1,2019-11-08,12,2019-11-22
696,1,2020-01-02,10,2020-01-16
709,1,2020-01-25,21,2020-02-08
739,1,2020-03-21,14,2020-04-04
753,1,2020-04-16,18,2020-04-30
763,1,2020-05-11,15,2020-05-25
770,1,2020-06-08,15,2020-06-22
772,1,2020-06-09,13,2020-06-23
799,1,2020-07-31,19,2020-08-14
825,1,2020-09-16,34,2020-09-30
939,1,2021-05-11,5,2021-05-25
967,1,2021-07-17,15,2021-07-31
7,2,2016-01-27,18,2016-02-03
10,2,2016-02-01,11,2016-02-08
21,2,2016-02-20,12,2016-02-27
34,2,2016-03-30,9,2016-04-06
51,2,2016-04-26,7,2016-05-03
53,2,2016-05-02,7,2016-05-09
63,2,2016-05-18,7,2016-05-25
70,2,2016-06-08,9,2016-06-15
95,2,2016-08-11,14,2016-08-18
100,2,2016-08-21,16,2016-08-28
140,2,2016-10-31,13,2016-11-07
156,2,2016-11-30,13,2016-12-07
189,2,2017-02-04,18,2017-02-11
191,2,2017-02-07,6,2017-02-14
193,2,2017-02-11,19,2017-02-18
194,2,2017-02-14,18,2017-02-21
251,2,2017-06-01,15,2017-06-08
252,2,2017-06-01,7,2017-06-08
278,2,2017-07-27,14,2017-08-03
305,2,2017-09-13,9,2017-09-20
317,2,2017-09-29,10,2017-10-06
336,2,2017-11-10,14,2017-11-17
357,2,2018-01-04,15,2018-01-11
380,2,2018-03-08,16,2018-03-15
391,2,2018-03-28,6,2018-04-04
406,2,2018-04-27,18,2018-05-04
428,2,2018-06-22,17,2018-06-29
432,2,2018-06-29,9,2018-07-06
445,2,2018-08-06,18,2018-08-13
446,2,2018-08-10,12,2018-08-17
475,2,2018-09-29,20,2018-10-06
482,2,2018-10-11,19,2018-10-18
487,2,2018-10-17,8,2018-10-24
504,2,2018-12-01,17,2018-12-08
512,2,2018-12-20,11,2018-12-27
533,2,2019-01-30,12,2019-02-06
551,2,2019-02-26,20,2019-03-05
565,2,2019-03-24,14,2019-03-31
571,2,2019-04-03,17,2019-04-10
576,2,2019-04-16,11,2019-04-23
603,2,2019-06-19,19,2019-06-26
644,2,2019-09-12,8,2019-09-19
649,2,2019-09-21,13,2019-09-28
671,2,2019-11-11,17,2019-11-18
678,2,2019-11-23,18,2019-11-30
681,2,2019-12-04,12,2019-12-11
687,2,2019-12-12,7,2019-12-19
690,2,2019-12-15,18,2019-12-22
703,2,2020-01-12,7,2020-01-19
714,2,2020-02-03,9,2020-02-10
774,2,2020-06-11,14,2020-06-18
821,2,2020-09-13,12,2020-09-20
832,2,2020-10-01,16,2020-10-08
858,2,2020-11-21,5,2020-11-28
870,2,2020-12-12,11,2020-12-19
876,2,2021-01-02,6,2021-01-09
880,2,2021-01-16,11,2021-01-23
883,2,2021-01-19,8,2021-01-26
891,2,2021-01-31,9,2021-02-07
914,2,2021-03-08,14,2021-03-15
926,2,2021-04-16,16,2021-04-23
944,2,2021-05-21,10,2021-05-28
947,2,2021-06-02,20,2021-06-09
989,2,2021-09-11,7,2021-09-18
1,4,2016-01-05,11,2016-01-08
1,4,2016-01-05,11,2016-01-08
11,4,2016-02-01,20,2016-02-04
11,4,2016-02-01,20,2016-02-04
36,4,2016-04-02,18,2016-04-05
36,4,2016-04-02,18,2016-04-05
42,4,2016-04-12,15,2016-04-15
42,4,2016-04-12,15,2016-04-15
44,4,2016-04-16,12,2016-04-19
44,4,2016-04-16,12,2016-04-19
45,4,2016-04-17,8,2016-04-20
45,4,2016-04-17,8,2016-04-20
84,4,2016-07-14,12,2016-07-17
84,4,2016-07-14,12,2016-07-17
86,4,2016-07-26,5,2016-07-29
86,4,2016-07-26,5,2016-07-29
98,4,2016-08-17,14,2016-08-20
98,4,2016-08-17,14,2016-08-20
101,4,2016-08-22,6,2016-08-25
101,4,2016-08-22,6,2016-08-25
121,4,2016-09-26,15,2016-09-29
121,4,2016-09-26,15,2016-09-29
137,4,2016-10-27,11,2016-10-30
137,4,2016-10-27,11,2016-10-30
164,4,2016-12-11,11,2016-12-14
164,4,2016-12-11,11,2016-12-14
172,4,2016-12-22,20,2016-12-25
172,4,2016-12-22,20,2016-12-25
177,4,2017-01-05,10,2017-01-08
177,4,2017-01-05,10,2017-01-08
180,4,2017-01-09,5,2017-01-12
180,4,2017-01-09,5,2017-01-12
199,4,2017-02-22,7,2017-02-25
199,4,2017-02-22,7,2017-02-25
203,4,2017-02-24,7,2017-02-27
203,4,2017-02-24,7,2017-02-27
208,4,2017-03-04,10,2017-03-07
208,4,2017-03-04,10,2017-03-07
225,4,2017-04-13,13,2017-04-16
225,4,2017-04-13,13,2017-04-16
234,4,2017-04-27,14,2017-04-30
234,4,2017-04-27,14,2017-04-30
236,4,2017-05-04,10,2017-05-07
236,4,2017-05-04,10,2017-05-07
241,4,2017-05-16,6,2017-05-19
241,4,2017-05-16,6,2017-05-19
245,4,2017-05-25,15,2017-05-28
245,4,2017-05-25,15,2017-05-28
255,4,2017-06-07,7,2017-06-10
255,4,2017-06-07,7,2017-06-10
256,4,2017-06-11,8,2017-06-14
256,4,2017-06-11,8,2017-06-14
261,4,2017-06-20,17,2017-06-23
261,4,2017-06-20,17,2017-06-23
263,4,2017-06-24,17,2017-06-27
263,4,2017-06-24,17,2017-06-27
267,4,2017-06-30,6,2017-07-03
267,4,2017-06-30,6,2017-07-03
269,4,2017-07-08,14,2017-07-11
269,4,2017-07-08,14,2017-07-11
276,4,2017-07-26,12,2017-07-29
276,4,2017-07-26,12,2017-07-29
279,4,2017-07-27,8,2017-07-30
279,4,2017-07-27,8,2017-07-30
289,4,2017-08-11,15,2017-08-14
289,4,2017-08-11,15,2017-08-14
294,4,2017-08-30,7,2017-09-02
294,4,2017-08-30,7,2017-09-02
315,4,2017-09-28,8,2017-10-01
315,4,2017-09-28,8,2017-10-01
319,4,2017-10-06,16,2017-10-09
319,4,2017-10-06,16,2017-10-09
330,4,2017-10-27,17,2017-10-30
330,4,2017-10-27,17,2017-10-30
331,4,2017-10-27,19,2017-10-30
331,4,2017-10-27,19,2017-10-30
333,4,2017-11-04,12,2017-11-07
333,4,2017-11-04,12,2017-11-07
340,4,2017-11-19,7,2017-11-22
340,4,2017-11-19,7,2017-11-22
346,4,2017-12-04,22,2017-12-07
346,4,2017-12-04,22,2017-12-07
355,4,2017-12-27,17,2017-12-30
355,4,2017-12-27,17,2017-12-30
356,4,2018-01-01,17,2018-01-04
356,4,2018-01-01,17,2018-01-04
368,4,2018-02-04,20,2018-02-07
368,4,2018-02-04,20,2018-02-07
395,4,2018-04-03,10,2018-04-06
395,4,2018-04-03,10,2018-04-06
396,4,2018-04-05,10,2018-04-08
396,4,2018-04-05,10,2018-04-08
401,4,2018-04-12,19,2018-04-15
401,4,2018-04-12,19,2018-04-15
403,4,2018-04-20,14,2018-04-23
403,4,2018-04-20,14,2018-04-23
404,4,2018-04-21,24,2018-04-24
404,4,2018-04-21,24,2018-04-24
415,4,2018-05-16,20,2018-05-19
415,4,2018-05-16,20,2018-05-19
436,4,2018-07-09,9,2018-07-12
436,4,2018-07-09,9,2018-07-12
441,4,2018-07-24,5,2018-07-27
441,4,2018-07-24,5,2018-07-27
451,4,2018-08-19,9,2018-08-22
451,4,2018-08-19,9,2018-08-22
462,4,2018-09-14,20,2018-09-17
462,4,2018-09-14,20,2018-09-17
464,4,2018-09-17,19,2018-09-20
464,4,2018-09-17,19,2018-09-20
471,4,2018-09-23,18,2018-09-26
471,4,2018-09-23,18,2018-09-26
472,4,2018-09-24,9,2018-09-27
472,4,2018-09-24,9,2018-09-27
477,4,2018-10-02,7,2018-10-05
477,4,2018-10-02,7,2018-10-05
483,4,2018-10-12,12,2018-10-15
483,4,2018-10-12,12,2018-10-15
484,4,2018-10-13,16,2018-10-16
484,4,2018-10-13,16,2018-10-16
485,4,2018-10-13,18,2018-10-16
485,4,2018-10-13,18,2018-10-16
520,4,2018-12-28,17,2018-12-31
520,4,2018-12-28,17,2018-12-31
522,4,2018-12-31,22,2019-01-03
522,4,2018-12-31,22,2019-01-03
524,4,2019-01-02,16,2019-01-05
524,4,2019-01-02,16,2019-01-05
530,4,2019-01-16,7,2019-01-19
530,4,2019-01-16,7,2019-01-19
544,4,2019-02-15,12,2019-02-18
544,4,2019-02-15,12,2019-02-18
545,4,2019-02-15,12,2019-02-18
545,4,2019-02-15,12,2019-02-18
554,4,2019-03-05,17,2019-03-08
554,4,2019-03-05,17,2019-03-08
577,4,2019-04-17,21,2019-04-20
577,4,2019-04-17,21,2019-04-20
579,4,2019-04-23,13,2019-04-26
579,4,2019-04-23,13,2019-04-26
580,4,2019-04-23,19,2019-04-26
580,4,2019-04-23,19,2019-04-26
583,4,2019-04-25,16,2019-04-28
583,4,2019-04-25,16,2019-04-28
584,4,2019-04-25,21,2019-04-28
584,4,2019-04-25,21,2019-04-28
589,4,2019-05-20,8,2019-05-23
589,4,2019-05-20,8,2019-05-23
608,4,2019-06-24,17,2019-06-27
608,4,2019-06-24,17,2019-06-27
613,4,2019-07-04,11,2019-07-07
613,4,2019-07-04,11,2019-07-07
619,4,2019-07-18,9,2019-07-21
619,4,2019-07-18,9,2019-07-21
627,4,2019-08-02,7,2019-08-05
627,4,2019-08-02,7,2019-08-05
653,4,2019-10-05,9,2019-10-08
653,4,2019-10-05,9,2019-10-08
655,4,2019-10-14,17,2019-10-17
655,4,2019-10-14,17,2019-10-17
674,4,2019-11-15,17,2019-11-18
674,4,2019-11-15,17,2019-11-18
682,4,2019-12-05,18,2019-12-08
682,4,2019-12-05,18,2019-12-08
688,4,2019-12-12,22,2019-12-15
688,4,2019-12-12,22,2019-12-15
698,4,2020-01-09,5,2020-01-12
698,4,2020-01-09,5,2020-01-12
711,4,2020-01-26,14,2020-01-29
711,4,2020-01-26,14,2020-01-29
721,4,2020-02-14,14,2020-02-17
721,4,2020-02-14,14,2020-02-17
722,4,2020-02-16,18,2020-02-19
722,4,2020-02-16,18,2020-02-19
730,4,2020-03-06,9,2020-03-09
730,4,2020-03-06,9,2020-03-09
747,4,2020-04-05,18,2020-04-08
747,4,2020-04-05,18,2020-04-08
751,4,2020-04-09,16,2020-04-12
751,4,2020-04-09,16,2020-04-12
755,4,2020-04-21,10,2020-04-24
755,4,2020-04-21,10,2020-04-24
759,4,2020-05-02,15,2020-05-05
759,4,2020-05-02,15,2020-05-05
779,4,2020-06-16,7,2020-06-19
779,4,2020-06-16,7,2020-06-19
787,4,2020-07-06,14,2020-07-09
787,4,2020-07-06,14,2020-07-09
789,4,2020-07-17,5,2020-07-20
789,4,2020-07-17,5,2020-07-20
796,4,2020-07-23,8,2020-07-26
796,4,2020-07-23,8,2020-07-26
805,4,2020-08-13,12,2020-08-16
805,4,2020-08-13,12,2020-08-16
806,4,2020-08-13,20,2020-08-16
806,4,2020-08-13,20,2020-08-16
807,4,2020-08-22,6,2020-08-25
807,4,2020-08-22,6,2020-08-25
816,4,2020-08-31,12,2020-09-03
816,4,2020-08-31,12,2020-09-03
820,4,2020-09-11,9,2020-09-14
820,4,2020-09-11,9,2020-09-14
837,4,2020-10-12,19,2020-10-15
837,4,2020-10-12,19,2020-10-15
840,4,2020-10-14,15,2020-10-17
840,4,2020-10-14,15,2020-10-17
842,4,2020-10-24,13,2020-10-27
842,4,2020-10-24,13,2020-10-27
847,4,2020-10-29,9,2020-11-01
847,4,2020-10-29,9,2020-11-01
848,4,2020-10-29,8,2020-11-01
848,4,2020-10-29,8,2020-11-01
849,4,2020-10-31,16,2020-11-03
849,4,2020-10-31,16,2020-11-03
850,4,2020-10-31,9,2020-11-03
850,4,2020-10-31,9,2020-11-03
852,4,2020-11-10,16,2020-11-13
852,4,2020-11-10,16,2020-11-13
855,4,2020-11-14,16,2020-11-17
855,4,2020-11-14,16,2020-11-17
859,4,2020-11-22,8,2020-11-25
859,4,2020-11-22,8,2020-11-25
868,4,2020-12-08,9,2020-12-11
868,4,2020-12-08,9,2020-12-11
873,4,2020-12-22,11,2020-12-25
873,4,2020-12-22,11,2020-12-25
886,4,2021-01-21,6,2021-01-24
886,4,2021-01-21,6,2021-01-24
896,4,2021-02-05,7,2021-02-08
896,4,2021-02-05,7,2021-02-08
913,4,2021-03-07,8,2021-03-10
913,4,2021-03-07,8,2021-03-10
919,4,2021-03-19,19,2021-03-22
919,4,2021-03-19,19,2021-03-22
920,4,2021-03-23,18,2021-03-26
920,4,2021-03-23,18,2021-03-26
927,4,2021-04-18,9,2021-04-21
927,4,2021-04-18,9,2021-04-21
928,4,2021-04-21,20,2021-04-24
928,4,2021-04-21,20,2021-04-24
929,4,2021-04-24,22,2021-04-27
929,4,2021-04-24,22,2021-04-27
933,4,2021-05-02,9,2021-05-05
933,4,2021-05-02,9,2021-05-05
941,4,2021-05-15,12,2021-05-18
941,4,2021-05-15,12,2021-05-18
943,4,2021-05-19,17,2021-05-22
943,4,2021-05-19,17,2021-05-22
957,4,2021-06-24,5,2021-06-27
957,4,2021-06-24,5,2021-06-27
958,4,2021-06-27,18,2021-06-30
958,4,2021-06-27,18,2021-06-30
973,4,2021-08-09,5,2021-08-12
973,4,2021-08-09,5,2021-08-12
983,4,2021-09-01,9,2021-09-04
983,4,2021-09-01,9,2021-09-04
988,4,2021-09-10,13,2021-09-13
988,4,2021-09-10,13,2021-09-13
3,5,2016-01-12,13,2016-01-18
3,5,2016-01-12,13,2016-01-18
4,5,2016-01-22,10,2016-01-28
4,5,2016-01-22,10,2016-01-28
13,5,2016-02-07,11,2016-02-13
13,5,2016-02-07,11,2016-02-13
16,5,2016-02-09,20,2016-02-15
16,5,2016-02-09,20,2016-02-15
17,5,2016-02-09,15,2016-02-15
17,5,2016-02-09,15,2016-02-15
19,5,2016-02-16,10,2016-02-22
19,5,2016-02-16,10,2016-02-22
25,5,2016-03-01,16,2016-03-07
25,5,2016-03-01,16,2016-03-07
40,5,2016-04-10,20,2016-04-16
40,5,2016-04-10,20,2016-04-16
48,5,2016-04-20,17,2016-04-26
48,5,2016-04-20,17,2016-04-26
68,5,2016-06-05,14,2016-06-11
68,5,2016-06-05,14,2016-06-11
73,5,2016-06-12,16,2016-06-18
73,5,2016-06-12,16,2016-06-18
77,5,2016-06-20,14,2016-06-26
77,5,2016-06-20,14,2016-06-26
81,5,2016-07-04,6,2016-07-10
81,5,2016-07-04,6,2016-07-10
82,5,2016-07-04,17,2016-07-10
82,5,2016-07-04,17,2016-07-10
114,5,2016-09-15,19,2016-09-21
114,5,2016-09-15,19,2016-09-21
116,5,2016-09-16,10,2016-09-22
116,5,2016-09-16,10,2016-09-22
117,5,2016-09-16,17,2016-09-22
117,5,2016-09-16,17,2016-09-22
120,5,2016-09-22,14,2016-09-28
120,5,2016-09-22,14,2016-09-28
125,5,2016-10-07,5,2016-10-13
125,5,2016-10-07,5,2016-10-13
127,5,2016-10-08,12,2016-10-14
127,5,2016-10-08,12,2016-10-14
129,5,2016-10-09,15,2016-10-15
129,5,2016-10-09,15,2016-10-15
143,5,2016-11-04,10,2016-11-10
143,5,2016-11-04,10,2016-11-10
171,5,2016-12-19,9,2016-12-25
171,5,2016-12-19,9,2016-12-25
174,5,2016-12-26,23,2017-01-01
174,5,2016-12-26,23,2017-01-01
185,5,2017-01-16,15,2017-01-22
185,5,2017-01-16,15,2017-01-22
204,5,2017-02-24,8,2017-03-02
204,5,2017-02-24,8,2017-03-02
206,5,2017-02-28,11,2017-03-06
206,5,2017-02-28,11,2017-03-06
215,5,2017-03-19,12,2017-03-25
215,5,2017-03-19,12,2017-03-25
216,5,2017-03-22,19,2017-03-28
216,5,2017-03-22,19,2017-03-28
220,5,2017-04-11,11,2017-04-17
220,5,2017-04-11,11,2017-04-17
237,5,2017-05-04,6,2017-05-10
237,5,2017-05-04,6,2017-05-10
240,5,2017-05-12,5,2017-05-18
240,5,2017-05-12,5,2017-05-18
259,5,2017-06-16,13,2017-06-22
259,5,2017-06-16,13,2017-06-22
265,5,2017-06-27,12,2017-07-03
265,5,2017-06-27,12,2017-07-03
277,5,2017-07-26,15,2017-08-01
277,5,2017-07-26,15,2017-08-01
284,5,2017-08-02,17,2017-08-08
284,5,2017-08-02,17,2017-08-08
285,5,2017-08-05,11,2017-08-11
285,5,2017-08-05,11,2017-08-11
290,5,2017-08-13,11,2017-08-19
290,5,2017-08-13,11,2017-08-19
293,5,2017-08-29,18,2017-09-04
293,5,2017-08-29,18,2017-09-04
303,5,2017-09-09,12,2017-09-15
303,5,2017-09-09,12,2017-09-15
313,5,2017-09-26,7,2017-10-02
313,5,2017-09-26,7,2017-10-02
314,5,2017-09-27,13,2017-10-03
314,5,2017-09-27,13,2017-10-03
325,5,2017-10-17,18,2017-10-23
325,5,2017-10-17,18,2017-10-23
326,5,2017-10-23,5,2017-10-29
326,5,2017-10-23,5,2017-10-29
329,5,2017-10-26,10,2017-11-01
329,5,2017-10-26,10,2017-11-01
345,5,2017-12-02,19,2017-12-08
345,5,2017-12-02,19,2017-12-08
358,5,2018-01-04,14,2018-01-10
358,5,2018-01-04,14,2018-01-10
370,5,2018-02-16,14,2018-02-22
370,5,2018-02-16,14,2018-02-22
376,5,2018-02-24,18,2018-03-02
376,5,2018-02-24,18,2018-03-02
381,5,2018-03-10,17,2018-03-16
381,5,2018-03-10,17,2018-03-16
383,5,2018-03-14,15,2018-03-20
383,5,2018-03-14,15,2018-03-20
394,5,2018-04-01,14,2018-04-07
394,5,2018-04-01,14,2018-04-07
409,5,2018-04-29,15,2018-05-05
409,5,2018-04-29,15,2018-05-05
411,5,2018-04-30,19,2018-05-06
411,5,2018-04-30,19,2018-05-06
424,5,2018-06-16,11,2018-06-22
424,5,2018-06-16,11,2018-06-22
444,5,2018-08-05,7,2018-08-11
444,5,2018-08-05,7,2018-08-11
456,5,2018-09-04,9,2018-09-10
456,5,2018-09-04,9,2018-09-10
461,5,2018-09-12,18,2018-09-18
461,5,2018-09-12,18,2018-09-18
463,5,2018-09-14,8,2018-09-20
463,5,2018-09-14,8,2018-09-20
474,5,2018-09-27,18,2018-10-03
474,5,2018-09-27,18,2018-10-03
493,5,2018-10-27,12,2018-11-02
493,5,2018-10-27,12,2018-11-02
502,5,2018-11-24,15,2018-11-30
502,5,2018-11-24,15,2018-11-30
508,5,2018-12-09,22,2018-12-15
508,5,2018-12-09,22,2018-12-15
510,5,2018-12-18,26,2018-12-24
510,5,2018-12-18,26,2018-12-24
511,5,2018-12-19,7,2018-12-25
511,5,2018-12-19,7,2018-12-25
513,5,2018-12-20,11,2018-12-26
513,5,2018-12-20,11,2018-12-26
532,5,2019-01-20,14,2019-01-26
532,5,2019-01-20,14,2019-01-26
548,5,2019-02-20,7,2019-02-26
548,5,2019-02-20,7,2019-02-26
553,5,2019-03-04,17,2019-03-10
553,5,2019-03-04,17,2019-03-10
557,5,2019-03-13,10,2019-03-19
557,5,2019-03-13,10,2019-03-19
572,5,2019-04-04,6,2019-04-10
572,5,2019-04-04,6,2019-04-10
594,5,2019-05-25,12,2019-05-31
594,5,2019-05-25,12,2019-05-31
597,5,2019-06-04,12,2019-06-10
597,5,2019-06-04,12,2019-06-10
612,5,2019-07-01,15,2019-07-07
612,5,2019-07-01,15,2019-07-07
630,5,2019-08-12,12,2019-08-18
630,5,2019-08-12,12,2019-08-18
636,5,2019-08-28,11,2019-09-03
636,5,2019-08-28,11,2019-09-03
639,5,2019-08-31,17,2019-09-06
639,5,2019-08-31,17,2019-09-06
647,5,2019-09-18,8,2019-09-24
647,5,2019-09-18,8,2019-09-24
660,5,2019-10-18,10,2019-10-24
660,5,2019-10-18,10,2019-10-24
684,5,2019-12-09,11,2019-12-15
684,5,2019-12-09,11,2019-12-15
699,5,2020-01-09,6,2020-01-15
699,5,2020-01-09,6,2020-01-15
716,5,2020-02-07,13,2020-02-13
716,5,2020-02-07,13,2020-02-13
723,5,2020-02-20,19,2020-02-26
723,5,2020-02-20,19,2020-02-26
725,5,2020-02-26,8,2020-03-03
725,5,2020-02-26,8,2020-03-03
737,5,2020-03-15,18,2020-03-21
737,5,2020-03-15,18,2020-03-21
748,5,2020-04-05,9,2020-04-11
748,5,2020-04-05,9,2020-04-11
754,5,2020-04-16,9,2020-04-22
754,5,2020-04-16,9,2020-04-22
792,5,2020-07-21,19,2020-07-27
792,5,2020-07-21,19,2020-07-27
794,5,2020-07-22,9,2020-07-28
794,5,2020-07-22,9,2020-07-28
797,5,2020-07-30,15,2020-08-05
797,5,2020-07-30,15,2020-08-05
801,5,2020-08-06,9,2020-08-12
801,5,2020-08-06,9,2020-08-12
814,5,2020-08-30,20,2020-09-05
814,5,2020-08-30,20,2020-09-05
822,5,2020-09-13,11,2020-09-19
822,5,2020-09-13,11,2020-09-19
826,5,2020-09-20,8,2020-09-26
826,5,2020-09-20,8,2020-09-26
830,5,2020-09-29,8,2020-10-05
830,5,2020-09-29,8,2020-10-05
846,5,2020-10-26,8,2020-11-01
846,5,2020-10-26,8,2020-11-01
861,5,2020-11-29,19,2020-12-05
861,5,2020-11-29,19,2020-12-05
907,5,2021-02-18,10,2021-02-24
907,5,2021-02-18,10,2021-02-24
908,5,2021-02-20,7,2021-02-26
908,5,2021-02-20,7,2021-02-26
910,5,2021-03-06,10,2021-03-12
910,5,2021-03-06,10,2021-03-12
915,5,2021-03-11,6,2021-03-17
915,5,2021-03-11,6,2021-03-17
936,5,2021-05-04,8,2021-05-10
936,5,2021-05-04,8,2021-05-10
938,5,2021-05-09,15,2021-05-15
938,5,2021-05-09,15,2021-05-15
945,5,2021-05-29,12,2021-06-04
945,5,2021-05-29,12,2021-06-04
956,5,2021-06-23,10,2021-06-29
956,5,2021-06-23,10,2021-06-29
961,5,2021-07-03,8,2021-07-09
961,5,2021-07-03,8,2021-07-09
965,5,2021-07-13,11,2021-07-19
965,5,2021-07-13,11,2021-07-19
982,5,2021-08-27,19,2021-09-02
982,5,2021-08-27,19,2021-09-02
991,5,2021-09-14,12,2021-09-20
991,5,2021-09-14,12,2021-09-20
992,5,2021-09-18,20,2021-09-24
992,5,2021-09-18,20,2021-09-24
0,6,2016-01-02,28,2016-01-23
0,6,2016-01-02,28,2016-01-23
2,6,2016-01-05,38,2016-01-26
2,6,2016-01-05,38,2016-01-26
22,6,2016-02-20,14,2016-03-12
22,6,2016-02-20,14,2016-03-12
32,6,2016-03-21,17,2016-04-11
32,6,2016-03-21,17,2016-04-11
49,6,2016-04-20,19,2016-05-11
49,6,2016-04-20,19,2016-05-11
60,6,2016-05-12,9,2016-06-02
60,6,2016-05-12,9,2016-06-02
69,6,2016-06-07,20,2016-06-28
69,6,2016-06-07,20,2016-06-28
71,6,2016-06-10,7,2016-07-01
71,6,2016-06-10,7,2016-07-01
79,6,2016-06-30,17,2016-07-21
79,6,2016-06-30,17,2016-07-21
89,6,2016-07-29,13,2016-08-19
89,6,2016-07-29,13,2016-08-19
126,6,2016-10-07,7,2016-10-28
126,6,2016-10-07,7,2016-10-28
130,6,2016-10-09,19,2016-10-30
130,6,2016-10-09,19,2016-10-30
132,6,2016-10-12,9,2016-11-02
132,6,2016-10-12,9,2016-11-02
139,6,2016-10-29,19,2016-11-19
139,6,2016-10-29,19,2016-11-19
141,6,2016-11-02,13,2016-11-23
141,6,2016-11-02,13,2016-11-23
142,6,2016-11-03,22,2016-11-24
142,6,2016-11-03,22,2016-11-24
151,6,2016-11-11,30,2016-12-02
151,6,2016-11-11,30,2016-12-02
153,6,2016-11-18,37,2016-12-09
153,6,2016-11-18,37,2016-12-09
157,6,2016-11-30,35,2016-12-21
157,6,2016-11-30,35,2016-12-21
159,6,2016-12-03,36,2016-12-24
159,6,2016-12-03,36,2016-12-24
160,6,2016-12-04,80,2016-12-25
160,6,2016-12-04,80,2016-12-25
166,6,2016-12-13,56,2017-01-03
166,6,2016-12-13,56,2017-01-03
170,6,2016-12-16,64,2017-01-06
170,6,2016-12-16,64,2017-01-06
186,6,2017-01-25,20,2017-02-15
186,6,2017-01-25,20,2017-02-15
188,6,2017-01-31,32,2017-02-21
188,6,2017-01-31,32,2017-02-21
195,6,2017-02-14,12,2017-03-07
195,6,2017-02-14,12,2017-03-07
212,6,2017-03-14,8,2017-04-04
212,6,2017-03-14,8,2017-04-04
217,6,2017-03-26,5,2017-04-16
217,6,2017-03-26,5,2017-04-16
222,6,2017-04-12,16,2017-05-03
222,6,2017-04-12,16,2017-05-03
227,6,2017-04-14,10,2017-05-05
227,6,2017-04-14,10,2017-05-05
238,6,2017-05-04,5,2017-05-25
238,6,2017-05-04,5,2017-05-25
258,6,2017-06-12,18,2017-07-03
258,6,2017-06-12,18,2017-07-03
273,6,2017-07-22,13,2017-08-12
273,6,2017-07-22,13,2017-08-12
275,6,2017-07-24,11,2017-08-14
275,6,2017-07-24,11,2017-08-14
300,6,2017-09-06,10,2017-09-27
300,6,2017-09-06,10,2017-09-27
306,6,2017-09-15,20,2017-10-06
306,6,2017-09-15,20,2017-10-06
307,6,2017-09-17,11,2017-10-08
307,6,2017-09-17,11,2017-10-08
328,6,2017-10-25,15,2017-11-15
328,6,2017-10-25,15,2017-11-15
334,6,2017-11-07,41,2017-11-28
334,6,2017-11-07,41,2017-11-28
337,6,2017-11-14,44,2017-12-05
337,6,2017-11-14,44,2017-12-05
344,6,2017-11-27,22,2017-12-18
344,6,2017-11-27,22,2017-12-18
347,6,2017-12-13,56,2018-01-03
347,6,2017-12-13,56,2018-01-03
354,6,2017-12-22,48,2018-01-12
354,6,2017-12-22,48,2018-01-12
364,6,2018-01-23,41,2018-02-13
364,6,2018-01-23,41,2018-02-13
371,6,2018-02-17,13,2018-03-10
371,6,2018-02-17,13,2018-03-10
373,6,2018-02-19,9,2018-03-12
373,6,2018-02-19,9,2018-03-12
392,6,2018-03-28,9,2018-04-18
392,6,2018-03-28,9,2018-04-18
418,6,2018-05-27,15,2018-06-17
418,6,2018-05-27,15,2018-06-17
433,6,2018-07-03,6,2018-07-24
433,6,2018-07-03,6,2018-07-24
443,6,2018-07-31,16,2018-08-21
443,6,2018-07-31,16,2018-08-21
452,6,2018-08-22,19,2018-09-12
452,6,2018-08-22,19,2018-09-12
460,6,2018-09-11,17,2018-10-02
460,6,2018-09-11,17,2018-10-02
469,6,2018-09-21,13,2018-10-12
469,6,2018-09-21,13,2018-10-12
473,6,2018-09-26,9,2018-10-17
473,6,2018-09-26,9,2018-10-17
476,6,2018-09-29,10,2018-10-20
476,6,2018-09-29,10,2018-10-20
497,6,2018-11-10,17,2018-12-01
497,6,2018-11-10,17,2018-12-01
501,6,2018-11-18,44,2018-12-09
501,6,2018-11-18,44,2018-12-09
514,6,2018-12-22,76,2019-01-12
514,6,2018-12-22,76,2019-01-12
515,6,2018-12-22,24,2019-01-12
515,6,2018-12-22,24,2019-01-12
517,6,2018-12-23,24,2019-01-13
517,6,2018-12-23,24,2019-01-13
523,6,2019-01-01,14,2019-01-22
523,6,2019-01-01,14,2019-01-22
528,6,2019-01-11,41,2019-02-01
528,6,2019-01-11,41,2019-02-01
529,6,2019-01-12,20,2019-02-02
529,6,2019-01-12,20,2019-02-02
534,6,2019-01-31,26,2019-02-21
534,6,2019-01-31,26,2019-02-21
536,6,2019-02-04,11,2019-02-25
536,6,2019-02-04,11,2019-02-25
541,6,2019-02-13,16,2019-03-06
541,6,2019-02-13,16,2019-03-06
543,6,2019-02-14,19,2019-03-07
543,6,2019-02-14,19,2019-03-07
549,6,2019-02-22,17,2019-03-15
549,6,2019-02-22,17,2019-03-15
585,6,2019-04-25,6,2019-05-16
585,6,2019-04-25,6,2019-05-16
621,6,2019-07-21,16,2019-08-11
621,6,2019-07-21,16,2019-08-11
626,6,2019-07-31,14,2019-08-21
626,6,2019-07-31,14,2019-08-21
637,6,2019-08-29,5,2019-09-19
637,6,2019-08-29,5,2019-09-19
638,6,2019-08-29,15,2019-09-19
638,6,2019-08-29,15,2019-09-19
640,6,2019-09-05,19,2019-09-26
640,6,2019-09-05,19,2019-09-26
642,6,2019-09-06,13,2019-09-27
642,6,2019-09-06,13,2019-09-27
643,6,2019-09-11,19,2019-10-02
643,6,2019-09-11,19,2019-10-02
663,6,2019-10-21,8,2019-11-11
663,6,2019-10-21,8,2019-11-11
685,6,2019-12-10,72,2019-12-31
685,6,2019-12-10,72,2019-12-31
689,6,2019-12-13,40,2020-01-03
689,6,2019-12-13,40,2020-01-03
693,6,2019-12-20,44,2020-01-10
693,6,2019-12-20,44,2020-01-10
700,6,2020-01-10,28,2020-01-31
700,6,2020-01-10,28,2020-01-31
701,6,2020-01-10,41,2020-01-31
701,6,2020-01-10,41,2020-01-31
708,6,2020-01-22,24,2020-02-12
708,6,2020-01-22,24,2020-02-12
712,6,2020-01-28,20,2020-02-18
712,6,2020-01-28,20,2020-02-18
724,6,2020-02-25,16,2020-03-17
724,6,2020-02-25,16,2020-03-17
729,6,2020-03-03,9,2020-03-24
729,6,2020-03-03,9,2020-03-24
731,6,2020-03-08,15,2020-03-29
731,6,2020-03-08,15,2020-03-29
732,6,2020-03-09,13,2020-03-30
732,6,2020-03-09,13,2020-03-30
742,6,2020-04-01,5,2020-04-22
742,6,2020-04-01,5,2020-04-22
744,6,2020-04-02,17,2020-04-23
744,6,2020-04-02,17,2020-04-23
768,6,2020-06-04,16,2020-06-25
768,6,2020-06-04,16,2020-06-25
791,6,2020-07-18,18,2020-08-08
791,6,2020-07-18,18,2020-08-08
815,6,2020-08-30,8,2020-09-20
815,6,2020-08-30,8,2020-09-20
818,6,2020-09-06,14,2020-09-27
818,6,2020-09-06,14,2020-09-27
824,6,2020-09-15,19,2020-10-06
824,6,2020-09-15,19,2020-10-06
828,6,2020-09-27,15,2020-10-18
828,6,2020-09-27,15,2020-10-18
838,6,2020-10-12,8,2020-11-02
838,6,2020-10-12,8,2020-11-02
841,6,2020-10-15,20,2020-11-05
841,6,2020-10-15,20,2020-11-05
851,6,2020-11-05,37,2020-11-26
851,6,2020-11-05,37,2020-11-26
860,6,2020-11-27,13,2020-12-18
860,6,2020-11-27,13,2020-12-18
864,6,2020-12-05,72,2020-12-26
864,6,2020-12-05,72,2020-12-26
865,6,2020-12-06,68,2020-12-27
865,6,2020-12-06,68,2020-12-27
867,6,2020-12-07,64,2020-12-28
867,6,2020-12-07,64,2020-12-28
879,6,2021-01-15,38,2021-02-05
879,6,2021-01-15,38,2021-02-05
889,6,2021-01-26,24,2021-02-16
889,6,2021-01-26,24,2021-02-16
893,6,2021-02-01,5,2021-02-22
893,6,2021-02-01,5,2021-02-22
894,6,2021-02-01,16,2021-02-22
894,6,2021-02-01,16,2021-02-22
898,6,2021-02-08,15,2021-03-01
898,6,2021-02-08,15,2021-03-01
909,6,2021-02-25,15,2021-03-18
909,6,2021-02-25,15,2021-03-18
922,6,2021-04-09,6,2021-04-30
922,6,2021-04-09,6,2021-04-30
924,6,2021-04-11,19,2021-05-02
924,6,2021-04-11,19,2021-05-02
930,6,2021-04-28,19,2021-05-19
930,6,2021-04-28,19,2021-05-19
953,6,2021-06-20,11,2021-07-11
953,6,2021-06-20,11,2021-07-11
959,6,2021-06-27,9,2021-07-18
959,6,2021-06-27,9,2021-07-18
962,6,2021-07-07,7,2021-07-28
962,6,2021-07-07,7,2021-07-28
970,6,2021-07-22,10,2021-08-12
970,6,2021-07-22,10,2021-08-12
972,6,2021-08-02,19,2021-08-23
972,6,2021-08-02,19,2021-08-23
979,6,2021-08-20,14,2021-09-10
979,6,2021-08-20,14,2021-09-10
980,6,2021-08-21,18,2021-09-11
980,6,2021-08-21,18,2021-09-11
986,6,2021-09-06,14,2021-09-27
986,6,2021-09-06,14,2021-09-27
18,7,2016-02-09,8,2016-02-12
18,7,2016-02-09,8,2016-02-12
26,7,2016-03-05,12,2016-03-08
26,7,2016-03-05,12,2016-03-08
30,7,2016-03-17,19,2016-03-20
30,7,2016-03-17,19,2016-03-20
31,7,2016-03-18,19,2016-03-21
31,7,2016-03-18,19,2016-03-21
33,7,2016-03-28,6,2016-03-31
33,7,2016-03-28,6,2016-03-31
39,7,2016-04-07,12,2016-04-10
39,7,2016-04-07,12,2016-04-10
41,7,2016-04-11,10,2016-04-14
41,7,2016-04-11,10,2016-04-14
46,7,2016-04-17,13,2016-04-20
46,7,2016-04-17,13,2016-04-20
54,7,2016-05-04,20,2016-05-07
54,7,2016-05-04,20,2016-05-07
74,7,2016-06-12,6,2016-06-15
74,7,2016-06-12,6,2016-06-15
90,7,2016-07-30,13,2016-08-02
90,7,2016-07-30,13,2016-08-02
93,7,2016-08-06,17,2016-08-09
93,7,2016-08-06,17,2016-08-09
94,7,2016-08-10,11,2016-08-13
94,7,2016-08-10,11,2016-08-13
105,7,2016-08-27,6,2016-08-30
105,7,2016-08-27,6,2016-08-30
107,7,2016-08-30,13,2016-09-02
107,7,2016-08-30,13,2016-09-02
109,7,2016-08-31,16,2016-09-03
109,7,2016-08-31,16,2016-09-03
123,7,2016-10-02,8,2016-10-05
123,7,2016-10-02,8,2016-10-05
128,7,2016-10-08,11,2016-10-11
128,7,2016-10-08,11,2016-10-11
131,7,2016-10-11,6,2016-10-14
131,7,2016-10-11,6,2016-10-14
133,7,2016-10-13,15,2016-10-16
133,7,2016-10-13,15,2016-10-16
147,7,2016-11-07,13,2016-11-10
147,7,2016-11-07,13,2016-11-10
182,7,2017-01-10,12,2017-01-13
182,7,2017-01-10,12,2017-01-13
202,7,2017-02-23,12,2017-02-26
202,7,2017-02-23,12,2017-02-26
219,7,2017-04-07,6,2017-04-10
219,7,2017-04-07,6,2017-04-10
242,7,2017-05-17,9,2017-05-20
242,7,2017-05-17,9,2017-05-20
260,7,2017-06-19,12,2017-06-22
260,7,2017-06-19,12,2017-06-22
264,7,2017-06-25,20,2017-06-28
264,7,2017-06-25,20,2017-06-28
272,7,2017-07-18,17,2017-07-21
272,7,2017-07-18,17,2017-07-21
292,7,2017-08-26,5,2017-08-29
292,7,2017-08-26,5,2017-08-29
299,7,2017-09-03,14,2017-09-06
299,7,2017-09-03,14,2017-09-06
304,7,2017-09-12,18,2017-09-15
304,7,2017-09-12,18,2017-09-15
312,7,2017-09-24,18,2017-09-27
312,7,2017-09-24,18,2017-09-27
350,7,2017-12-20,13,2017-12-23
350,7,2017-12-20,13,2017-12-23
351,7,2017-12-20,10,2017-12-23
351,7,2017-12-20,10,2017-12-23
352,7,2017-12-21,7,2017-12-24
352,7,2017-12-21,7,2017-12-24
359,7,2018-01-07,9,2018-01-10
359,7,2018-01-07,9,2018-01-10
361,7,2018-01-09,14,2018-01-12
361,7,2018-01-09,14,2018-01-12
365,7,2018-01-30,17,2018-02-02
365,7,2018-01-30,17,2018-02-02
366,7,2018-01-30,20,2018-02-02
366,7,2018-01-30,20,2018-02-02
372,7,2018-02-18,8,2018-02-21
372,7,2018-02-18,8,2018-02-21
397,7,2018-04-07,13,2018-04-10
397,7,2018-04-07,13,2018-04-10
398,7,2018-04-08,9,2018-04-11
398,7,2018-04-08,9,2018-04-11
402,7,2018-04-15,18,2018-04-18
402,7,2018-04-15,18,2018-04-18
405,7,2018-04-22,13,2018-04-25
405,7,2018-04-22,13,2018-04-25
413,7,2018-05-14,13,2018-05-17
413,7,2018-05-14,13,2018-05-17
420,7,2018-06-05,20,2018-06-08
420,7,2018-06-05,20,2018-06-08
421,7,2018-06-07,20,2018-06-10
421,7,2018-06-07,20,2018-06-10
447,7,2018-08-10,5,2018-08-13
447,7,2018-08-10,5,2018-08-13
448,7,2018-08-12,15,2018-08-15
448,7,2018-08-12,15,2018-08-15
457,7,2018-09-05,17,2018-09-08
457,7,2018-09-05,17,2018-09-08
478,7,2018-10-06,13,2018-10-09
478,7,2018-10-06,13,2018-10-09
480,7,2018-10-10,7,2018-10-13
480,7,2018-10-10,7,2018-10-13
486,7,2018-10-13,10,2018-10-16
486,7,2018-10-13,10,2018-10-16
489,7,2018-10-19,8,2018-10-22
489,7,2018-10-19,8,2018-10-22
490,7,2018-10-21,19,2018-10-24
490,7,2018-10-21,19,2018-10-24
494,7,2018-10-30,16,2018-11-02
494,7,2018-10-30,16,2018-11-02
521,7,2018-12-29,8,2019-01-01
521,7,2018-12-29,8,2019-01-01
537,7,2019-02-04,18,2019-02-07
537,7,2019-02-04,18,2019-02-07
540,7,2019-02-07,6,2019-02-10
540,7,2019-02-07,6,2019-02-10
559,7,2019-03-15,20,2019-03-18
559,7,2019-03-15,20,2019-03-18
561,7,2019-03-17,16,2019-03-20
561,7,2019-03-17,16,2019-03-20
563,7,2019-03-22,15,2019-03-25
563,7,2019-03-22,15,2019-03-25
586,7,2019-04-28,12,2019-05-01
586,7,2019-04-28,12,2019-05-01
601,7,2019-06-14,5,2019-06-17
601,7,2019-06-14,5,2019-06-17
611,7,2019-06-30,17,2019-07-03
611,7,2019-06-30,17,2019-07-03
616,7,2019-07-10,12,2019-07-13
616,7,2019-07-10,12,2019-07-13
618,7,2019-07-12,11,2019-07-15
618,7,2019-07-12,11,2019-07-15
620,7,2019-07-19,13,2019-07-22
620,7,2019-07-19,13,2019-07-22
631,7,2019-08-13,13,2019-08-16
631,7,2019-08-13,13,2019-08-16
646,7,2019-09-14,7,2019-09-17
646,7,2019-09-14,7,2019-09-17
648,7,2019-09-18,8,2019-09-21
648,7,2019-09-18,8,2019-09-21
650,7,2019-09-25,14,2019-09-28
650,7,2019-09-25,14,2019-09-28
659,7,2019-10-17,6,2019-10-20
659,7,2019-10-17,6,2019-10-20
662,7,2019-10-20,19,2019-10-23
662,7,2019-10-20,19,2019-10-23
666,7,2019-11-05,12,2019-11-08
666,7,2019-11-05,12,2019-11-08
683,7,2019-12-07,21,2019-12-10
683,7,2019-12-07,21,2019-12-10
691,7,2019-12-16,7,2019-12-19
691,7,2019-12-16,7,2019-12-19
692,7,2019-12-19,21,2019-12-22
692,7,2019-12-19,21,2019-12-22
713,7,2020-02-01,12,2020-02-04
713,7,2020-02-01,12,2020-02-04
715,7,2020-02-05,10,2020-02-08
715,7,2020-02-05,10,2020-02-08
735,7,2020-03-13,17,2020-03-16
735,7,2020-03-13,17,2020-03-16
756,7,2020-04-21,20,2020-04-24
756,7,2020-04-21,20,2020-04-24
761,7,2020-05-07,7,2020-05-10
761,7,2020-05-07,7,2020-05-10
764,7,2020-05-11,5,2020-05-14
764,7,2020-05-11,5,2020-05-14
769,7,2020-06-05,20,2020-06-08
769,7,2020-06-05,20,2020-06-08
775,7,2020-06-12,12,2020-06-15
775,7,2020-06-12,12,2020-06-15
782,7,2020-06-28,16,2020-07-01
782,7,2020-06-28,16,2020-07-01
785,7,2020-06-30,6,2020-07-03
785,7,2020-06-30,6,2020-07-03
804,7,2020-08-10,19,2020-08-13
804,7,2020-08-10,19,2020-08-13
817,7,2020-09-02,9,2020-09-05
817,7,2020-09-02,9,2020-09-05
823,7,2020-09-14,12,2020-09-17
823,7,2020-09-14,12,2020-09-17
845,7,2020-10-25,11,2020-10-28
845,7,2020-10-25,11,2020-10-28
862,7,2020-11-30,15,2020-12-03
862,7,2020-11-30,15,2020-12-03
871,7,2020-12-21,22,2020-12-24
871,7,2020-12-21,22,2020-12-24
887,7,2021-01-23,12,2021-01-26
887,7,2021-01-23,12,2021-01-26
904,7,2021-02-15,7,2021-02-18
904,7,2021-02-15,7,2021-02-18
932,7,2021-05-01,13,2021-05-04
932,7,2021-05-01,13,2021-05-04
934,7,2021-05-02,20,2021-05-05
934,7,2021-05-02,20,2021-05-05
942,7,2021-05-16,6,2021-05-19
942,7,2021-05-16,6,2021-05-19
946,7,2021-05-30,20,2021-06-02
946,7,2021-05-30,20,2021-06-02
951,7,2021-06-12,20,2021-06-15
951,7,2021-06-12,20,2021-06-15
963,7,2021-07-08,6,2021-07-11
963,7,2021-07-08,6,2021-07-11
990,7,2021-09-13,16,2021-09-16
990,7,2021-09-13,16,2021-09-16
993,7,2021-09-18,11,2021-09-21
993,7,2021-09-18,11,2021-09-21
998,7,2021-09-29,8,2021-10-02
998,7,2021-09-29,8,2021-10-02
5,8,2016-01-22,7,2016-02-19
5,8,2016-01-22,7,2016-02-19
9,8,2016-01-28,13,2016-02-25
9,8,2016-01-28,13,2016-02-25
28,8,2016-03-11,7,2016-04-08
28,8,2016-03-11,7,2016-04-08
38,8,2016-04-06,14,2016-05-04
38,8,2016-04-06,14,2016-05-04
50,8,2016-04-25,19,2016-05-23
50,8,2016-04-25,19,2016-05-23
57,8,2016-05-09,8,2016-06-06
57,8,2016-05-09,8,2016-06-06
59,8,2016-05-11,15,2016-06-08
59,8,2016-05-11,15,2016-06-08
65,8,2016-06-01,10,2016-06-29
65,8,2016-06-01,10,2016-06-29
72,8,2016-06-11,7,2016-07-09
72,8,2016-06-11,7,2016-07-09
80,8,2016-06-30,17,2016-07-28
80,8,2016-06-30,17,2016-07-28
87,8,2016-07-26,10,2016-08-23
87,8,2016-07-26,10,2016-08-23
91,8,2016-07-30,11,2016-08-27
91,8,2016-07-30,11,2016-08-27
96,8,2016-08-13,14,2016-09-10
96,8,2016-08-13,14,2016-09-10
103,8,2016-08-25,12,2016-09-22
103,8,2016-08-25,12,2016-09-22
104,8,2016-08-25,12,2016-09-22
104,8,2016-08-25,12,2016-09-22
113,8,2016-09-11,8,2016-10-09
113,8,2016-09-11,8,2016-10-09
115,8,2016-09-15,19,2016-10-13
115,8,2016-09-15,19,2016-10-13
124,8,2016-10-06,20,2016-11-03
124,8,2016-10-06,20,2016-11-03
134,8,2016-10-18,12,2016-11-15
134,8,2016-10-18,12,2016-11-15
135,8,2016-10-25,6,2016-11-22
135,8,2016-10-25,6,2016-11-22
144,8,2016-11-04,19,2016-12-02
144,8,2016-11-04,19,2016-12-02
145,8,2016-11-04,9,2016-12-02
145,8,2016-11-04,9,2016-12-02
146,8,2016-11-05,7,2016-12-03
146,8,2016-11-05,7,2016-12-03
148,8,2016-11-07,15,2016-12-05
148,8,2016-11-07,15,2016-12-05
149,8,2016-11-10,9,2016-12-08
149,8,2016-11-10,9,2016-12-08
155,8,2016-11-25,6,2016-12-23
155,8,2016-11-25,6,2016-12-23
173,8,2016-12-25,19,2017-01-22
173,8,2016-12-25,19,2017-01-22
175,8,2016-12-26,19,2017-01-23
175,8,2016-12-26,19,2017-01-23
192,8,2017-02-07,20,2017-03-07
192,8,2017-02-07,20,2017-03-07
196,8,2017-02-17,17,2017-03-17
196,8,2017-02-17,17,2017-03-17
205,8,2017-02-25,9,2017-03-25
205,8,2017-02-25,9,2017-03-25
221,8,2017-04-11,16,2017-05-09
221,8,2017-04-11,16,2017-05-09
232,8,2017-04-25,15,2017-05-23
232,8,2017-04-25,15,2017-05-23
233,8,2017-04-26,11,2017-05-24
233,8,2017-04-26,11,2017-05-24
239,8,2017-05-09,11,2017-06-06
239,8,2017-05-09,11,2017-06-06
246,8,2017-05-26,17,2017-06-23
246,8,2017-05-26,17,2017-06-23
257,8,2017-06-11,7,2017-07-09
257,8,2017-06-11,7,2017-07-09
268,8,2017-06-30,19,2017-07-28
268,8,2017-06-30,19,2017-07-28
280,8,2017-07-28,18,2017-08-25
280,8,2017-07-28,18,2017-08-25
282,8,2017-07-31,8,2017-08-28
282,8,2017-07-31,8,2017-08-28
291,8,2017-08-20,5,2017-09-17
291,8,2017-08-20,5,2017-09-17
295,8,2017-08-31,6,2017-09-28
295,8,2017-08-31,6,2017-09-28
302,8,2017-09-08,5,2017-10-06
302,8,2017-09-08,5,2017-10-06
308,8,2017-09-18,18,2017-10-16
308,8,2017-09-18,18,2017-10-16
322,8,2017-10-12,16,2017-11-09
322,8,2017-10-12,16,2017-11-09
332,8,2017-10-27,10,2017-11-24
332,8,2017-10-27,10,2017-11-24
343,8,2017-11-25,17,2017-12-23
343,8,2017-11-25,17,2017-12-23
353,8,2017-12-21,24,2018-01-18
353,8,2017-12-21,24,2018-01-18
375,8,2018-02-23,11,2018-03-23
375,8,2018-02-23,11,2018-03-23
390,8,2018-03-27,5,2018-04-24
390,8,2018-03-27,5,2018-04-24
393,8,2018-03-28,19,2018-04-25
393,8,2018-03-28,19,2018-04-25
407,8,2018-04-27,25,2018-05-25
407,8,2018-04-27,25,2018-05-25
417,8,2018-05-25,20,2018-06-22
417,8,2018-05-25,20,2018-06-22
422,8,2018-06-08,7,2018-07-06
422,8,2018-06-08,7,2018-07-06
425,8,2018-06-16,9,2018-07-14
425,8,2018-06-16,9,2018-07-14
426,8,2018-06-21,5,2018-07-19
426,8,2018-06-21,5,2018-07-19
434,8,2018-07-03,9,2018-07-31
434,8,2018-07-03,9,2018-07-31
438,8,2018-07-12,14,2018-08-09
438,8,2018-07-12,14,2018-08-09
440,8,2018-07-14,14,2018-08-11
440,8,2018-07-14,14,2018-08-11
449,8,2018-08-17,11,2018-09-14
449,8,2018-08-17,11,2018-09-14
458,8,2018-09-06,14,2018-10-04
458,8,2018-09-06,14,2018-10-04
467,8,2018-09-20,6,2018-10-18
467,8,2018-09-20,6,2018-10-18
481,8,2018-10-10,19,2018-11-07
481,8,2018-10-10,19,2018-11-07
492,8,2018-10-26,5,2018-11-23
492,8,2018-10-26,5,2018-11-23
496,8,2018-11-06,19,2018-12-04
496,8,2018-11-06,19,2018-12-04
499,8,2018-11-15,16,2018-12-13
499,8,2018-11-15,16,2018-12-13
500,8,2018-11-16,20,2018-12-14
500,8,2018-11-16,20,2018-12-14
509,8,2018-12-12,23,2019-01-09
509,8,2018-12-12,23,2019-01-09
519,8,2018-12-27,7,2019-01-24
519,8,2018-12-27,7,2019-01-24
531,8,2019-01-18,12,2019-02-15
531,8,2019-01-18,12,2019-02-15
542,8,2019-02-13,5,2019-03-13
542,8,2019-02-13,5,2019-03-13
558,8,2019-03-13,19,2019-04-10
558,8,2019-03-13,19,2019-04-10
564,8,2019-03-23,12,2019-04-20
564,8,2019-03-23,12,2019-04-20
567,8,2019-03-26,14,2019-04-23
567,8,2019-03-26,14,2019-04-23
568,8,2019-03-31,7,2019-04-28
568,8,2019-03-31,7,2019-04-28
581,8,2019-04-23,25,2019-05-21
581,8,2019-04-23,25,2019-05-21
587,8,2019-05-02,18,2019-05-30
587,8,2019-05-02,18,2019-05-30
591,8,2019-05-21,9,2019-06-18
591,8,2019-05-21,9,2019-06-18
593,8,2019-05-24,5,2019-06-21
593,8,2019-05-24,5,2019-06-21
595,8,2019-05-25,13,2019-06-22
595,8,2019-05-25,13,2019-06-22
596,8,2019-05-30,17,2019-06-27
596,8,2019-05-30,17,2019-06-27
598,8,2019-06-08,16,2019-07-06
598,8,2019-06-08,16,2019-07-06
600,8,2019-06-10,10,2019-07-08
600,8,2019-06-10,10,2019-07-08
609,8,2019-06-25,12,2019-07-23
609,8,2019-06-25,12,2019-07-23
625,8,2019-07-30,15,2019-08-27
625,8,2019-07-30,15,2019-08-27
633,8,2019-08-19,5,2019-09-16
633,8,2019-08-19,5,2019-09-16
634,8,2019-08-21,6,2019-09-18
634,8,2019-08-21,6,2019-09-18
675,8,2019-11-16,14,2019-12-14
675,8,2019-11-16,14,2019-12-14
676,8,2019-11-18,14,2019-12-16
676,8,2019-11-18,14,2019-12-16
680,8,2019-12-02,6,2019-12-30
680,8,2019-12-02,6,2019-12-30
686,8,2019-12-10,24,2020-01-07
686,8,2019-12-10,24,2020-01-07
694,8,2019-12-28,21,2020-01-25
694,8,2019-12-28,21,2020-01-25
695,8,2019-12-28,21,2020-01-25
695,8,2019-12-28,21,2020-01-25
702,8,2020-01-11,14,2020-02-08
702,8,2020-01-11,14,2020-02-08
710,8,2020-01-25,8,2020-02-22
710,8,2020-01-25,8,2020-02-22
718,8,2020-02-09,16,2020-03-08
718,8,2020-02-09,16,2020-03-08
726,8,2020-02-28,16,2020-03-27
726,8,2020-02-28,16,2020-03-27
727,8,2020-02-28,7,2020-03-27
727,8,2020-02-28,7,2020-03-27
734,8,2020-03-12,17,2020-04-09
734,8,2020-03-12,17,2020-04-09
741,8,2020-03-26,17,2020-04-23
741,8,2020-03-26,17,2020-04-23
743,8,2020-04-01,19,2020-04-29
743,8,2020-04-01,19,2020-04-29
745,8,2020-04-03,16,2020-05-01
745,8,2020-04-03,16,2020-05-01
746,8,2020-04-04,15,2020-05-02
746,8,2020-04-04,15,2020-05-02
762,8,2020-05-09,16,2020-06-06
762,8,2020-05-09,16,2020-06-06
778,8,2020-06-15,16,2020-07-13
778,8,2020-06-15,16,2020-07-13
788,8,2020-07-11,8,2020-08-08
788,8,2020-07-11,8,2020-08-08
790,8,2020-07-17,10,2020-08-14
790,8,2020-07-17,10,2020-08-14
793,8,2020-07-21,14,2020-08-18
793,8,2020-07-21,14,2020-08-18
795,8,2020-07-22,20,2020-08-19
795,8,2020-07-22,20,2020-08-19
802,8,2020-08-09,6,2020-09-06
802,8,2020-08-09,6,2020-09-06
808,8,2020-08-23,13,2020-09-20
808,8,2020-08-23,13,2020-09-20
833,8,2020-10-02,20,2020-10-30
833,8,2020-10-02,20,2020-10-30
834,8,2020-10-03,17,2020-10-31
834,8,2020-10-03,17,2020-10-31
836,8,2020-10-11,10,2020-11-08
836,8,2020-10-11,10,2020-11-08
843,8,2020-10-24,7,2020-11-21
843,8,2020-10-24,7,2020-11-21
856,8,2020-11-19,13,2020-12-17
856,8,2020-11-19,13,2020-12-17
875,8,2020-12-27,6,2021-01-24
875,8,2020-12-27,6,2021-01-24
890,8,2021-01-27,15,2021-02-24
890,8,2021-01-27,15,2021-02-24
900,8,2021-02-12,5,2021-03-12
900,8,2021-02-12,5,2021-03-12
902,8,2021-02-13,9,2021-03-13
902,8,2021-02-13,9,2021-03-13
911,8,2021-03-06,14,2021-04-03
911,8,2021-03-06,14,2021-04-03
937,8,2021-05-04,20,2021-06-01
937,8,2021-05-04,20,2021-06-01
940,8,2021-05-14,10,2021-06-11
940,8,2021-05-14,10,2021-06-11
950,8,2021-06-08,8,2021-07-06
950,8,2021-06-08,8,2021-07-06
954,8,2021-06-22,12,2021-07-20
954,8,2021-06-22,12,2021-07-20
955,8,2021-06-22,15,2021-07-20
955,8,2021-06-22,15,2021-07-20
966,8,2021-07-16,5,2021-08-13
966,8,2021-07-16,5,2021-08-13
968,8,2021-07-20,17,2021-08-17
968,8,2021-07-20,17,2021-08-17
974,8,2021-08-11,9,2021-09-08
974,8,2021-08-11,9,2021-09-08
984,8,2021-09-01,18,2021-09-29
984,8,2021-09-01,18,2021-09-29
995,8,2021-09-22,12,2021-10-20
995,8,2021-09-22,12,2021-10-20
999,8,2021-09-29,18,2021-10-27
999,8,2021-09-29,18,2021-10-27
6,9,2016-01-25,16,2016-02-15
6,9,2016-01-25,16,2016-02-15
12,9,2016-02-03,6,2016-02-24
12,9,2016-02-03,6,2016-02-24
15,9,2016-02-08,19,2016-02-29
15,9,2016-02-08,19,2016-02-29
43,9,2016-04-12,16,2016-05-03
43,9,2016-04-12,16,2016-05-03
58,9,2016-05-09,16,2016-05-30
58,9,2016-05-09,16,2016-05-30
62,9,2016-05-14,19,2016-06-04
62,9,2016-05-14,19,2016-06-04
64,9,2016-05-27,8,2016-06-17
64,9,2016-05-27,8,2016-06-17
67,9,2016-06-04,9,2016-06-25
67,9,2016-06-04,9,2016-06-25
88,9,2016-07-27,10,2016-08-17
88,9,2016-07-27,10,2016-08-17
92,9,2016-08-01,32,2016-08-22
92,9,2016-08-01,32,2016-08-22
99,9,2016-08-17,8,2016-09-07
99,9,2016-08-17,8,2016-09-07
102,9,2016-08-22,11,2016-09-12
102,9,2016-08-22,11,2016-09-12
122,9,2016-10-01,8,2016-10-22
122,9,2016-10-01,8,2016-10-22
136,9,2016-10-25,6,2016-11-15
136,9,2016-10-25,6,2016-11-15
152,9,2016-11-15,9,2016-12-06
152,9,2016-11-15,9,2016-12-06
161,9,2016-12-08,14,2016-12-29
161,9,2016-12-08,14,2016-12-29
165,9,2016-12-11,12,2017-01-01
165,9,2016-12-11,12,2017-01-01
178,9,2017-01-08,20,2017-01-29
178,9,2017-01-08,20,2017-01-29
200,9,2017-02-22,9,2017-03-15
200,9,2017-02-22,9,2017-03-15
211,9,2017-03-12,12,2017-04-02
211,9,2017-03-12,12,2017-04-02
223,9,2017-04-12,7,2017-05-03
223,9,2017-04-12,7,2017-05-03
226,9,2017-04-13,11,2017-05-04
226,9,2017-04-13,11,2017-05-04
229,9,2017-04-17,8,2017-05-08
229,9,2017-04-17,8,2017-05-08
235,9,2017-04-28,5,2017-05-19
235,9,2017-04-28,5,2017-05-19
243,9,2017-05-21,22,2017-06-11
243,9,2017-05-21,22,2017-06-11
247,9,2017-05-27,16,2017-06-17
247,9,2017-05-27,16,2017-06-17
262,9,2017-06-20,18,2017-07-11
262,9,2017-06-20,18,2017-07-11
270,9,2017-07-14,11,2017-08-04
270,9,2017-07-14,11,2017-08-04
271,9,2017-07-16,11,2017-08-06
271,9,2017-07-16,11,2017-08-06
274,9,2017-07-22,29,2017-08-12
274,9,2017-07-22,29,2017-08-12
286,9,2017-08-05,11,2017-08-26
286,9,2017-08-05,11,2017-08-26
288,9,2017-08-09,19,2017-08-30
288,9,2017-08-09,19,2017-08-30
296,9,2017-08-31,30,2017-09-21
296,9,2017-08-31,30,2017-09-21
301,9,2017-09-07,22,2017-09-28
301,9,2017-09-07,22,2017-09-28
310,9,2017-09-19,28,2017-10-10
310,9,2017-09-19,28,2017-10-10
311,9,2017-09-23,26,2017-10-14
311,9,2017-09-23,26,2017-10-14
316,9,2017-09-28,16,2017-10-19
316,9,2017-09-28,16,2017-10-19
324,9,2017-10-14,9,2017-11-04
324,9,2017-10-14,9,2017-11-04
327,9,2017-10-23,22,2017-11-13
327,9,2017-10-23,22,2017-11-13
335,9,2017-11-07,13,2017-11-28
335,9,2017-11-07,13,2017-11-28
338,9,2017-11-14,16,2017-12-05
338,9,2017-11-14,16,2017-12-05
339,9,2017-11-16,7,2017-12-07
339,9,2017-11-16,7,2017-12-07
342,9,2017-11-20,15,2017-12-11
342,9,2017-11-20,15,2017-12-11
348,9,2017-12-13,5,2018-01-03
348,9,2017-12-13,5,2018-01-03
363,9,2018-01-13,18,2018-02-03
363,9,2018-01-13,18,2018-02-03
367,9,2018-02-01,5,2018-02-22
367,9,2018-02-01,5,2018-02-22
377,9,2018-02-25,12,2018-03-18
377,9,2018-02-25,12,2018-03-18
378,9,2018-02-28,8,2018-03-21
378,9,2018-02-28,8,2018-03-21
379,9,2018-03-05,16,2018-03-26
379,9,2018-03-05,16,2018-03-26
382,9,2018-03-11,19,2018-04-01
382,9,2018-03-11,19,2018-04-01
386,9,2018-03-19,10,2018-04-09
386,9,2018-03-19,10,2018-04-09
387,9,2018-03-21,18,2018-04-11
387,9,2018-03-21,18,2018-04-11
419,9,2018-05-27,10,2018-06-17
419,9,2018-05-27,10,2018-06-17
466,9,2018-09-19,22,2018-10-10
466,9,2018-09-19,22,2018-10-10
470,9,2018-09-22,29,2018-10-13
470,9,2018-09-22,29,2018-10-13
479,9,2018-10-09,15,2018-10-30
479,9,2018-10-09,15,2018-10-30
495,9,2018-11-03,6,2018-11-24
495,9,2018-11-03,6,2018-11-24
505,9,2018-12-02,19,2018-12-23
505,9,2018-12-02,19,2018-12-23
518,9,2018-12-23,12,2019-01-13
518,9,2018-12-23,12,2019-01-13
525,9,2019-01-04,15,2019-01-25
525,9,2019-01-04,15,2019-01-25
539,9,2019-02-05,5,2019-02-26
539,9,2019-02-05,5,2019-02-26
555,9,2019-03-05,8,2019-03-26
555,9,2019-03-05,8,2019-03-26
560,9,2019-03-16,5,2019-04-06
560,9,2019-03-16,5,2019-04-06
562,9,2019-03-18,12,2019-04-08
562,9,2019-03-18,12,2019-04-08
566,9,2019-03-24,8,2019-04-14
566,9,2019-03-24,8,2019-04-14
569,9,2019-03-31,15,2019-04-21
569,9,2019-03-31,15,2019-04-21
573,9,2019-04-07,6,2019-04-28
573,9,2019-04-07,6,2019-04-28
574,9,2019-04-10,13,2019-05-01
574,9,2019-04-10,13,2019-05-01
599,9,2019-06-09,17,2019-06-30
599,9,2019-06-09,17,2019-06-30
602,9,2019-06-17,27,2019-07-08
602,9,2019-06-17,27,2019-07-08
604,9,2019-06-19,13,2019-07-10
604,9,2019-06-19,13,2019-07-10
615,9,2019-07-07,25,2019-07-28
615,9,2019-07-07,25,2019-07-28
617,9,2019-07-10,14,2019-07-31
617,9,2019-07-10,14,2019-07-31
632,9,2019-08-17,13,2019-09-07
632,9,2019-08-17,13,2019-09-07
645,9,2019-09-12,20,2019-10-03
645,9,2019-09-12,20,2019-10-03
656,9,2019-10-14,15,2019-11-04
656,9,2019-10-14,15,2019-11-04
668,9,2019-11-08,6,2019-11-29
668,9,2019-11-08,6,2019-11-29
669,9,2019-11-09,18,2019-11-30
669,9,2019-11-09,18,2019-11-30
670,9,2019-11-10,15,2019-12-01
670,9,2019-11-10,15,2019-12-01
673,9,2019-11-14,15,2019-12-05
673,9,2019-11-14,15,2019-12-05
677,9,2019-11-21,13,2019-12-12
677,9,2019-11-21,13,2019-12-12
679,9,2019-11-28,7,2019-12-19
679,9,2019-11-28,7,2019-12-19
697,9,2020-01-04,12,2020-01-25
697,9,2020-01-04,12,2020-01-25
704,9,2020-01-13,20,2020-02-03
704,9,2020-01-13,20,2020-02-03
717,9,2020-02-07,17,2020-02-28
717,9,2020-02-07,17,2020-02-28
720,9,2020-02-13,13,2020-03-05
720,9,2020-02-13,13,2020-03-05
736,9,2020-03-13,9,2020-04-03
736,9,2020-03-13,9,2020-04-03
740,9,2020-03-23,15,2020-04-13
740,9,2020-03-23,15,2020-04-13
760,9,2020-05-04,9,2020-05-25
760,9,2020-05-04,9,2020-05-25
771,9,2020-06-08,25,2020-06-29
771,9,2020-06-08,25,2020-06-29
773,9,2020-06-09,12,2020-06-30
773,9,2020-06-09,12,2020-06-30
776,9,2020-06-13,9,2020-07-04
776,9,2020-06-13,9,2020-07-04
784,9,2020-06-29,24,2020-07-20
784,9,2020-06-29,24,2020-07-20
809,9,2020-08-23,27,2020-09-13
809,9,2020-08-23,27,2020-09-13
813,9,2020-08-29,30,2020-09-19
813,9,2020-08-29,30,2020-09-19
819,9,2020-09-06,20,2020-09-27
819,9,2020-09-06,20,2020-09-27
827,9,2020-09-22,19,2020-10-13
827,9,2020-09-22,19,2020-10-13
857,9,2020-11-20,20,2020-12-11
857,9,2020-11-20,20,2020-12-11
866,9,2020-12-06,7,2020-12-27
866,9,2020-12-06,7,2020-12-27
869,9,2020-12-09,15,2020-12-30
869,9,2020-12-09,15,2020-12-30
872,9,2020-12-21,7,2021-01-11
872,9,2020-12-21,7,2021-01-11
878,9,2021-01-14,9,2021-02-04
878,9,2021-01-14,9,2021-02-04
884,9,2021-01-19,20,2021-02-09
884,9,2021-01-19,20,2021-02-09
885,9,2021-01-20,12,2021-02-10
885,9,2021-01-20,12,2021-02-10
892,9,2021-01-31,16,2021-02-21
892,9,2021-01-31,16,2021-02-21
917,9,2021-03-15,19,2021-04-05
917,9,2021-03-15,19,2021-04-05
918,9,2021-03-17,11,2021-04-07
918,9,2021-03-17,11,2021-04-07
960,9,2021-07-02,28,2021-07-23
960,9,2021-07-02,28,2021-07-23
975,9,2021-08-11,32,2021-09-01
975,9,2021-08-11,32,2021-09-01
976,9,2021-08-12,16,2021-09-02
976,9,2021-08-12,16,2021-09-02
981,9,2021-08-21,16,2021-09-11
981,9,2021-08-21,16,2021-09-11
985,9,2021-09-01,29,2021-09-22
985,9,2021-09-01,29,2021-09-22
996,9,2021-09-23,11,2021-10-14
996,9,2021-09-23,11,2021-10-14
24,10,2016-02-26,18,2016-03-04
24,10,2016-02-26,18,2016-03-04
29,10,2016-03-11,18,2016-03-18
29,10,2016-03-11,18,2016-03-18
35,10,2016-03-30,17,2016-04-06
35,10,2016-03-30,17,2016-04-06
47,10,2016-04-19,14,2016-04-26
47,10,2016-04-19,14,2016-04-26
52,10,2016-04-28,6,2016-05-05
52,10,2016-04-28,6,2016-05-05
61,10,2016-05-12,19,2016-05-19
61,10,2016-05-12,19,2016-05-19
66,10,2016-06-02,5,2016-06-09
66,10,2016-06-02,5,2016-06-09
76,10,2016-06-14,11,2016-06-21
76,10,2016-06-14,11,2016-06-21
78,10,2016-06-23,12,2016-06-30
78,10,2016-06-23,12,2016-06-30
85,10,2016-07-19,14,2016-07-26
85,10,2016-07-19,14,2016-07-26
97,10,2016-08-14,8,2016-08-21
97,10,2016-08-14,8,2016-08-21
108,10,2016-08-30,7,2016-09-06
108,10,2016-08-30,7,2016-09-06
111,10,2016-09-03,8,2016-09-10
111,10,2016-09-03,8,2016-09-10
118,10,2016-09-18,14,2016-09-25
118,10,2016-09-18,14,2016-09-25
138,10,2016-10-28,19,2016-11-04
138,10,2016-10-28,19,2016-11-04
150,10,2016-11-10,8,2016-11-17
150,10,2016-11-10,8,2016-11-17
154,10,2016-11-19,19,2016-11-26
154,10,2016-11-19,19,2016-11-26
163,10,2016-12-09,13,2016-12-16
163,10,2016-12-09,13,2016-12-16
167,10,2016-12-13,11,2016-12-20
167,10,2016-12-13,11,2016-12-20
168,10,2016-12-14,15,2016-12-21
168,10,2016-12-14,15,2016-12-21
187,10,2017-01-25,10,2017-02-01
187,10,2017-01-25,10,2017-02-01
197,10,2017-02-18,6,2017-02-25
197,10,2017-02-18,6,2017-02-25
207,10,2017-02-28,9,2017-03-07
207,10,2017-02-28,9,2017-03-07
209,10,2017-03-11,14,2017-03-18
209,10,2017-03-11,14,2017-03-18
213,10,2017-03-15,15,2017-03-22
213,10,2017-03-15,15,2017-03-22
214,10,2017-03-18,5,2017-03-25
214,10,2017-03-18,5,2017-03-25
224,10,2017-04-12,11,2017-04-19
224,10,2017-04-12,11,2017-04-19
231,10,2017-04-24,10,2017-05-01
231,10,2017-04-24,10,2017-05-01
254,10,2017-06-05,12,2017-06-12
254,10,2017-06-05,12,2017-06-12
281,10,2017-07-28,10,2017-08-04
281,10,2017-07-28,10,2017-08-04
297,10,2017-09-01,12,2017-09-08
297,10,2017-09-01,12,2017-09-08
309,10,2017-09-18,15,2017-09-25
309,10,2017-09-18,15,2017-09-25
320,10,2017-10-07,11,2017-10-14
320,10,2017-10-07,11,2017-10-14
321,10,2017-10-09,8,2017-10-16
321,10,2017-10-09,8,2017-10-16
323,10,2017-10-13,15,2017-10-20
323,10,2017-10-13,15,2017-10-20
341,10,2017-11-19,23,2017-11-26
341,10,2017-11-19,23,2017-11-26
349,10,2017-12-15,13,2017-12-22
349,10,2017-12-15,13,2017-12-22
374,10,2018-02-21,7,2018-02-28
374,10,2018-02-21,7,2018-02-28
384,10,2018-03-18,16,2018-03-25
384,10,2018-03-18,16,2018-03-25
388,10,2018-03-25,9,2018-04-01
388,10,2018-03-25,9,2018-04-01
389,10,2018-03-26,17,2018-04-02
389,10,2018-03-26,17,2018-04-02
399,10,2018-04-08,9,2018-04-15
399,10,2018-04-08,9,2018-04-15
410,10,2018-04-29,20,2018-05-06
410,10,2018-04-29,20,2018-05-06
412,10,2018-05-10,18,2018-05-17
412,10,2018-05-10,18,2018-05-17
414,10,2018-05-15,9,2018-05-22
414,10,2018-05-15,9,2018-05-22
429,10,2018-06-24,18,2018-07-01
429,10,2018-06-24,18,2018-07-01
430,10,2018-06-26,17,2018-07-03
430,10,2018-06-26,17,2018-07-03
431,10,2018-06-26,6,2018-07-03
431,10,2018-06-26,6,2018-07-03
437,10,2018-07-10,14,2018-07-17
437,10,2018-07-10,14,2018-07-17
439,10,2018-07-13,12,2018-07-20
439,10,2018-07-13,12,2018-07-20
450,10,2018-08-18,13,2018-08-25
450,10,2018-08-18,13,2018-08-25
454,10,2018-08-31,14,2018-09-07
454,10,2018-08-31,14,2018-09-07
465,10,2018-09-17,9,2018-09-24
465,10,2018-09-17,9,2018-09-24
468,10,2018-09-20,20,2018-09-27
468,10,2018-09-20,20,2018-09-27
488,10,2018-10-17,5,2018-10-24
488,10,2018-10-17,5,2018-10-24
506,10,2018-12-05,19,2018-12-12
506,10,2018-12-05,19,2018-12-12
516,10,2018-12-22,11,2018-12-29
516,10,2018-12-22,11,2018-12-29
526,10,2019-01-04,23,2019-01-11
526,10,2019-01-04,23,2019-01-11
535,10,2019-02-01,6,2019-02-08
535,10,2019-02-01,6,2019-02-08
570,10,2019-03-31,13,2019-04-07
570,10,2019-03-31,13,2019-04-07
590,10,2019-05-20,19,2019-05-27
590,10,2019-05-20,19,2019-05-27
592,10,2019-05-22,20,2019-05-29
592,10,2019-05-22,20,2019-05-29
605,10,2019-06-20,18,2019-06-27
605,10,2019-06-20,18,2019-06-27
610,10,2019-06-26,15,2019-07-03
610,10,2019-06-26,15,2019-07-03
622,10,2019-07-23,19,2019-07-30
622,10,2019-07-23,19,2019-07-30
623,10,2019-07-29,18,2019-08-05
623,10,2019-07-29,18,2019-08-05
628,10,2019-08-06,11,2019-08-13
628,10,2019-08-06,11,2019-08-13
635,10,2019-08-21,7,2019-08-28
635,10,2019-08-21,7,2019-08-28
641,10,2019-09-05,7,2019-09-12
641,10,2019-09-05,7,2019-09-12
652,10,2019-10-04,8,2019-10-11
652,10,2019-10-04,8,2019-10-11
654,10,2019-10-09,23,2019-10-16
654,10,2019-10-09,23,2019-10-16
657,10,2019-10-15,10,2019-10-22
657,10,2019-10-15,10,2019-10-22
661,10,2019-10-19,9,2019-10-26
661,10,2019-10-19,9,2019-10-26
664,10,2019-10-22,13,2019-10-29
664,10,2019-10-22,13,2019-10-29
665,10,2019-10-23,18,2019-10-30
665,10,2019-10-23,18,2019-10-30
672,10,2019-11-12,11,2019-11-19
672,10,2019-11-12,11,2019-11-19
705,10,2020-01-15,6,2020-01-22
705,10,2020-01-15,6,2020-01-22
707,10,2020-01-21,23,2020-01-28
707,10,2020-01-21,23,2020-01-28
719,10,2020-02-12,17,2020-02-19
719,10,2020-02-12,17,2020-02-19
733,10,2020-03-11,12,2020-03-18
733,10,2020-03-11,12,2020-03-18
738,10,2020-03-17,17,2020-03-24
738,10,2020-03-17,17,2020-03-24
749,10,2020-04-06,9,2020-04-13
749,10,2020-04-06,9,2020-04-13
750,10,2020-04-07,19,2020-04-14
750,10,2020-04-07,19,2020-04-14
757,10,2020-04-23,19,2020-04-30
757,10,2020-04-23,19,2020-04-30
765,10,2020-05-16,18,2020-05-23
765,10,2020-05-16,18,2020-05-23
766,10,2020-05-24,9,2020-05-31
766,10,2020-05-24,9,2020-05-31
780,10,2020-06-18,20,2020-06-25
780,10,2020-06-18,20,2020-06-25
781,10,2020-06-25,15,2020-07-02
781,10,2020-06-25,15,2020-07-02
783,10,2020-06-28,6,2020-07-05
783,10,2020-06-28,6,2020-07-05
786,10,2020-07-02,6,2020-07-09
786,10,2020-07-02,6,2020-07-09
798,10,2020-07-30,8,2020-08-06
798,10,2020-07-30,8,2020-08-06
803,10,2020-08-09,18,2020-08-16
803,10,2020-08-09,18,2020-08-16
811,10,2020-08-28,19,2020-09-04
811,10,2020-08-28,19,2020-09-04
812,10,2020-08-28,18,2020-09-04
812,10,2020-08-28,18,2020-09-04
829,10,2020-09-28,21,2020-10-05
829,10,2020-09-28,21,2020-10-05
831,10,2020-09-29,11,2020-10-06
831,10,2020-09-29,11,2020-10-06
839,10,2020-10-13,22,2020-10-20
839,10,2020-10-13,22,2020-10-20
844,10,2020-10-24,5,2020-10-31
844,10,2020-10-24,5,2020-10-31
863,10,2020-12-03,10,2020-12-10
863,10,2020-12-03,10,2020-12-10
874,10,2020-12-26,21,2021-01-02
874,10,2020-12-26,21,2021-01-02
877,10,2021-01-03,18,2021-01-10
877,10,2021-01-03,18,2021-01-10
882,10,2021-01-18,15,2021-01-25
882,10,2021-01-18,15,2021-01-25
895,10,2021-02-04,20,2021-02-11
895,10,2021-02-04,20,2021-02-11
899,10,2021-02-10,16,2021-02-17
899,10,2021-02-10,16,2021-02-17
903,10,2021-02-14,5,2021-02-21
903,10,2021-02-14,5,2021-02-21
905,10,2021-02-15,15,2021-02-22
905,10,2021-02-15,15,2021-02-22
906,10,2021-02-15,12,2021-02-22
906,10,2021-02-15,12,2021-02-22
912,10,2021-03-06,19,2021-03-13
912,10,2021-03-06,19,2021-03-13
916,10,2021-03-12,13,2021-03-19
916,10,2021-03-12,13,2021-03-19
925,10,2021-04-15,6,2021-04-22
925,10,2021-04-15,6,2021-04-22
931,10,2021-04-29,5,2021-05-06
931,10,2021-04-29,5,2021-05-06
948,10,2021-06-06,7,2021-06-13
948,10,2021-06-06,7,2021-06-13
949,10,2021-06-07,12,2021-06-14
949,10,2021-06-07,12,2021-06-14
952,10,2021-06-16,14,2021-06-23
952,10,2021-06-16,14,2021-06-23
964,10,2021-07-10,8,2021-07-17
964,10,2021-07-10,8,2021-07-17
969,10,2021-07-20,18,2021-07-27
969,10,2021-07-20,18,2021-07-27
